country,0,1,2,3,4,5,6,7,8,9,10,11,12,13,14,15,16,17,18,19,20,21,22,23,24,25,26,27,28,29,30,31,32,33,34,35,36,37,38,39,40,41,42,43,44,45,46,47,48,49,50,51,52,53,54,55,56,57,58,59,60,61,62,63,64,65,66,67,68,69,70,71,72,73,74,75,76,77,78,79,80,81,82,83,84,85,86,87,88,89,90,91,92,93,94,95,96,97,98,99,100,101,102,103,104,105,106,107,108,109,110,111,112,113,114,115,116,117,118,119,120,121
United Arab Emirates,248.0,333.0,333.0,405.0,468.0,468.0,611.0,664.0,664.0,1024.0,1024.0,1505.0,1799.0,2076.0,2359.0,2659.0,2990.0,3360.0,3736.0,4123.0,4521.0,4933.0,5365.0,5825.0,5825.0,6302.0,6781.0,7265.0,7755.0,8238.0,8756.0,9281.0,9813.0,10349.0,10839.0,11380.0,11929.0,12481.0,13038.0,13599.0,14163.0,14730.0,15192.0,15738.0,16240.0,16793.0,17417.0,18198.0,18878.0,19661.0,20386.0,21084.0,21831.0,22627.0,23358.0,24190.0,,,,,,,,,,,,,,,,,,,,,,,,,,,,,,,,,,,,,,,,,,,,,,,,,,,,,,,,,,,,,,,,,,
Austria,246.0,361.0,504.0,655.0,860.0,1016.0,1332.0,1646.0,2196.0,2649.0,3024.0,3631.0,4486.0,5282.0,5888.0,7029.0,7697.0,8291.0,8813.0,9618.0,10182.0,10711.0,11129.0,11525.0,11766.0,11983.0,12297.0,12640.0,12969.0,13248.0,13560.0,13807.0,13937.0,14043.0,14234.0,14370.0,14448.0,14603.0,14662.0,14710.0,14783.0,14833.0,14924.0,14985.0,15068.0,15134.0,15189.0,15256.0,15314.0,15364.0,15424.0,15458.0,15470.0,15538.0,15569.0,15586.0,15651.0,15673.0,15735.0,15777.0,15787.0,15874.0,15910.0,15964.0,16005.0,16068.0,16140.0,16154.0,16179.0,,,,,,,,,,,,,,,,,,,,,,,,,,,,,,,,,,,,,,,,,,,,,,,,,,,,,
Belgium,200.0,239.0,267.0,314.0,399.0,559.0,689.0,886.0,1085.0,1243.0,1486.0,1795.0,2257.0,2815.0,3401.0,3743.0,4269.0,4937.0,6235.0,7284.0,9134.0,10836.0,11899.0,12775.0,13964.0,15348.0,16770.0,18431.0,19691.0,20814.0,22194.0,23403.0,24983.0,26667.0,28018.0,29647.0,30589.0,31119.0,33573.0,34809.0,36138.0,37183.0,38496.0,39983.0,40956.0,41889.0,42797.0,44293.0,45325.0,46134.0,46687.0,47334.0,47859.0,48519.0,49032.0,49517.0,49906.0,50267.0,50509.0,50781.0,51420.0,52011.0,52596.0,53081.0,53449.0,53779.0,53981.0,54288.0,54644.0,54989.0,55280.0,55559.0,,,,,,,,,,,,,,,,,,,,,,,,,,,,,,,,,,,,,,,,,,,,,,,,,,
Bangladesh,218.0,330.0,424.0,482.0,621.0,803.0,1012.0,1231.0,1572.0,1838.0,2144.0,2456.0,2948.0,3382.0,3772.0,4186.0,4689.0,4998.0,5416.0,5913.0,6462.0,7103.0,7667.0,8238.0,8790.0,9455.0,10143.0,10929.0,11719.0,12425.0,13134.0,13770.0,14657.0,15691.0,16660.0,17822.0,18863.0,20065.0,20995.0,22268.0,23870.0,,,,,,,,,,,,,,,,,,,,,,,,,,,,,,,,,,,,,,,,,,,,,,,,,,,,,,,,,,,,,,,,,,,,,,,,,,,,,,,,,
Belarus,254.0,351.0,394.0,564.0,700.0,861.0,1066.0,1486.0,1981.0,2226.0,2578.0,2919.0,3281.0,3728.0,4204.0,4779.0,4779.0,4779.0,6264.0,6723.0,7281.0,8022.0,8773.0,9590.0,10463.0,11289.0,12208.0,13181.0,14027.0,14917.0,15828.0,16705.0,17489.0,18350.0,19255.0,20168.0,21101.0,22052.0,22973.0,23906.0,24873.0,25825.0,26772.0,27730.0,28681.0,29650.0,30572.0,,,,,,,,,,,,,,,,,,,,,,,,,,,,,,,,,,,,,,,,,,,,,,,,,,,,,,,,,,,,,,,,,,,,,,,,,,,
Brazil,200.0,234.0,291.0,428.0,621.0,904.0,1128.0,1546.0,1891.0,2201.0,2433.0,2915.0,3417.0,3904.0,4256.0,4579.0,5717.0,6836.0,7910.0,9056.0,10278.0,11130.0,12056.0,13717.0,15927.0,17857.0,19638.0,20727.0,22169.0,23430.0,25262.0,28320.0,30425.0,33682.0,36599.0,38654.0,40581.0,43079.0,45757.0,49492.0,52995.0,58509.0,61888.0,66501.0,71886.0,78162.0,85380.0,91589.0,96559.0,101147.0,107780.0,114715.0,125218.0,135106.0,145328.0,155939.0,162699.0,168331.0,177589.0,188974.0,202918.0,218223.0,233142.0,241080.0,254220.0,,,,,,,,,,,,,,,,,,,,,,,,,,,,,,,,,,,,,,,,,,,,,,,,,,,,,,,,,
Canada,244.0,304.0,424.0,569.0,690.0,846.0,971.0,1302.0,1430.0,1646.0,1959.0,3385.0,4018.0,4675.0,5386.0,6255.0,7424.0,8536.0,9595.0,11268.0,12519.0,13882.0,15496.0,16653.0,17883.0,19274.0,20748.0,22133.0,23301.0,24365.0,25663.0,27046.0,28364.0,30081.0,31872.0,33341.0,34777.0,36823.0,38413.0,40179.0,42099.0,43877.0,45341.0,46884.0,48489.0,50015.0,51587.0,53236.0,55061.0,56714.0,59474.0,60772.0,62046.0,63496.0,64922.0,66434.0,67702.0,68848.0,69981.0,71157.0,72278.0,73401.0,74602.0,75853.0,76991.0,78061.0,,,,,,,,,,,,,,,,,,,,,,,,,,,,,,,,,,,,,,,,,,,,,,,,,,,,,,,,
Switzerland,209.0,264.0,332.0,374.0,490.0,642.0,854.0,1121.0,1359.0,2200.0,2200.0,2650.0,3010.0,3888.0,4840.0,6077.0,6971.0,8015.0,8789.0,9714.0,10714.0,12104.0,13152.0,14274.0,15412.0,16108.0,17070.0,18194.0,19227.0,20201.0,21022.0,21574.0,22164.0,22710.0,23495.0,24228.0,24820.0,25220.0,25499.0,25753.0,26336.0,26651.0,26997.0,27322.0,27658.0,27826.0,27981.0,28186.0,28414.0,28595.0,28811.0,28978.0,29081.0,29181.0,29324.0,29503.0,29622.0,29734.0,29822.0,29898.0,29926.0,29977.0,30043.0,30124.0,30168.0,30222.0,30261.0,30297.0,30330.0,30380.0,30431.0,30489.0,30504.0,30514.0,,,,,,,,,,,,,,,,,,,,,,,,,,,,,,,,,,,,,,,,,,,,,,,,
Chile,201.0,238.0,342.0,434.0,537.0,632.0,746.0,922.0,1142.0,1306.0,1610.0,1909.0,2139.0,2449.0,2738.0,3031.0,3404.0,3737.0,4161.0,4471.0,4815.0,5116.0,5546.0,5972.0,6501.0,6927.0,7213.0,7525.0,7917.0,8273.0,8807.0,9252.0,9730.0,10088.0,10507.0,10832.0,11296.0,11812.0,12306.0,12858.0,13331.0,13813.0,14365.0,14885.0,16023.0,17008.0,18435.0,19663.0,20643.0,22016.0,23048.0,24581.0,25972.0,27219.0,28866.0,30063.0,31721.0,34381.0,37040.0,39542.0,41428.0,43781.0,46059.0,,,,,,,,,,,,,,,,,,,,,,,,,,,,,,,,,,,,,,,,,,,,,,,,,,,,,,,,,,,
China,216.0,235.0,386.0,526.0,623.0,882.0,1323.0,1988.0,2775.0,4528.0,5994.0,7734.0,9714.0,11809.0,14399.0,17211.0,20448.0,24320.0,28047.0,31207.0,34625.0,37232.0,40206.0,42696.0,44724.0,59865.0,64021.0,66559.0,68566.0,70618.0,72508.0,74258.0,74652.0,75543.0,76369.0,77016.0,77234.0,77749.0,78159.0,78598.0,78927.0,79355.0,79929.0,80134.0,80261.0,80380.0,80497.0,80667.0,80768.0,80814.0,80859.0,80879.0,80908.0,80932.0,80954.0,80973.0,80995.0,81020.0,81063.0,81086.0,81130.0,81229.0,81281.0,81346.0,81484.0,81553.0,81631.0,81733.0,81827.0,81946.0,82059.0,82157.0,82241.0,82295.0,82395.0,82465.0,82527.0,82575.0,82642.0,82698.0,82784.0,82870.0,82925.0,83004.0,83097.0,83209.0,83303.0,83352.0,83402.0,83754.0,83785.0,83803.0,83817.0,83849.0,83864.0,83876.0,83884.0,83899.0,83909.0,83912.0,83938.0,83940.0,83944.0,83956.0,83959.0,83961.0,83964.0,83966.0,83968.0,83970.0,83976.0,83976.0,83991.0,84010.0,84011.0,84018.0,84024.0,84029.0,84038.0,84044.0,84054.0,84063.0
Colombia,210.0,235.0,306.0,378.0,470.0,491.0,539.0,608.0,702.0,798.0,906.0,1065.0,1161.0,1267.0,1406.0,1485.0,1579.0,1780.0,2054.0,2223.0,2473.0,2709.0,2776.0,2852.0,2979.0,3105.0,3233.0,3439.0,3621.0,3792.0,3977.0,4149.0,4356.0,4561.0,4881.0,5142.0,5379.0,5597.0,5949.0,6211.0,6507.0,7006.0,7285.0,7668.0,7973.0,8613.0,8959.0,9456.0,10051.0,10495.0,11063.0,11613.0,12272.0,12930.0,13610.0,14216.0,14939.0,15574.0,16295.0,,,,,,,,,,,,,,,,,,,,,,,,,,,,,,,,,,,,,,,,,,,,,,,,,,,,,,,,,,,,,,,
Germany,262.0,400.0,684.0,847.0,902.0,1139.0,1296.0,1567.0,2369.0,3062.0,3795.0,4838.0,6012.0,7156.0,8198.0,14138.0,18187.0,21463.0,24774.0,29212.0,31554.0,36508.0,42288.0,48582.0,52547.0,57298.0,61913.0,67366.0,73522.0,79696.0,85778.0,91714.0,95391.0,99225.0,103228.0,108202.0,113525.0,117658.0,120479.0,123016.0,125098.0,127584.0,130450.0,133830.0,137439.0,139897.0,141672.0,143457.0,145694.0,148046.0,150383.0,152438.0,154175.0,155193.0,156337.0,157641.0,159119.0,159119.0,161703.0,162496.0,163175.0,163860.0,164897.0,166091.0,167300.0,168551.0,169218.0,169575.0,170508.0,171306.0,172239.0,173152.0,173772.0,174355.0,174697.0,175210.0,,,,,,,,,,,,,,,,,,,,,,,,,,,,,,,,,,,,,,,,,,,,,,
Denmark,264.0,516.0,676.0,804.0,827.0,875.0,932.0,1024.0,1115.0,1151.0,1255.0,1326.0,1395.0,1460.0,1591.0,1724.0,1877.0,2046.0,2201.0,2395.0,2577.0,2860.0,3107.0,3386.0,3757.0,4077.0,4369.0,4681.0,5071.0,5402.0,5635.0,5819.0,5996.0,6174.0,6318.0,6511.0,6681.0,6879.0,7073.0,7242.0,7384.0,7515.0,7695.0,7912.0,8073.0,8210.0,8445.0,8575.0,8698.0,8851.0,9008.0,9158.0,9311.0,9407.0,9523.0,9670.0,9821.0,9983.0,10083.0,10218.0,10319.0,10429.0,10513.0,10591.0,10667.0,10713.0,10791.0,10858.0,10927.0,10968.0,,,,,,,,,,,,,,,,,,,,,,,,,,,,,,,,,,,,,,,,,,,,,,,,,,,,
Dominican Republic,202.0,245.0,312.0,392.0,488.0,581.0,719.0,859.0,901.0,1109.0,1284.0,1380.0,1488.0,1578.0,1745.0,1828.0,1956.0,2111.0,2349.0,2620.0,2759.0,2967.0,3167.0,3286.0,3614.0,3755.0,4126.0,4335.0,4680.0,4964.0,5044.0,5300.0,5543.0,5749.0,5926.0,6135.0,6135.0,6416.0,6652.0,6972.0,7288.0,7578.0,7954.0,8235.0,8480.0,8807.0,9095.0,9376.0,9882.0,10347.0,10634.0,10900.0,11196.0,11320.0,11739.0,11893.0,12314.0,12725.0,,,,,,,,,,,,,,,,,,,,,,,,,,,,,,,,,,,,,,,,,,,,,,,,,,,,,,,,,,,,,,,,
Ecuador,426.0,532.0,789.0,981.0,1082.0,1211.0,1403.0,1627.0,1835.0,1890.0,1966.0,2302.0,2758.0,3163.0,3368.0,3465.0,3646.0,3747.0,3995.0,4450.0,4965.0,7161.0,7257.0,7466.0,7529.0,7603.0,7858.0,8225.0,8450.0,9022.0,9468.0,10128.0,10398.0,10850.0,11183.0,11183.0,11183.0,22719.0,23240.0,24258.0,24675.0,24934.0,26336.0,27464.0,29538.0,31881.0,31881.0,29420.0,30298.0,28818.0,29071.0,29559.0,29509.0,30419.0,30486.0,30502.0,31467.0,32763.0,33182.0,33582.0,,,,,,,,,,,,,,,,,,,,,,,,,,,,,,,,,,,,,,,,,,,,,,,,,,,,,,,,,,,,,,
Egypt,210.0,256.0,285.0,294.0,327.0,366.0,442.0,456.0,495.0,536.0,576.0,609.0,656.0,710.0,779.0,779.0,985.0,1070.0,1073.0,1322.0,1560.0,1699.0,1794.0,1939.0,2065.0,2190.0,2350.0,2505.0,2673.0,2844.0,3032.0,3144.0,3333.0,3490.0,3490.0,3659.0,4092.0,4319.0,4319.0,4782.0,5042.0,5268.0,5537.0,5895.0,6193.0,6465.0,6813.0,7201.0,7588.0,7981.0,8476.0,8964.0,9400.0,9746.0,10093.0,10431.0,10829.0,11228.0,11719.0,12229.0,12764.0,,,,,,,,,,,,,,,,,,,,,,,,,,,,,,,,,,,,,,,,,,,,,,,,,,,,,,,,,,,,,
Spain,267.0,348.0,531.0,764.0,1094.0,1527.0,2299.0,3274.0,4427.0,5958.0,7641.0,9785.0,11491.0,13994.0,17688.0,21735.0,26304.0,31750.0,36616.0,41262.0,48953.0,57506.0,66460.0,75641.0,83885.0,90309.0,96122.0,104267.0,111680.0,119263.0,126535.0,133198.0,138731.0,142398.0,147607.0,153190.0,158935.0,163472.0,168022.0,171921.0,174951.0,178067.0,182491.0,186311.0,190129.0,193965.0,193252.0,195470.0,198421.0,200733.0,203649.0,205763.0,208269.0,209910.0,211570.0,213095.0,213942.0,215183.0,216570.0,217804.0,218739.0,219205.0,220244.0,221124.0,222045.0,223218.0,223961.0,227377.0,227770.0,228252.0,228691.0,229540.0,230183.0,230698.0,231350.0,231606.0,,,,,,,,,,,,,,,,,,,,,,,,,,,,,,,,,,,,,,,,,,,,,,
France,212.0,285.0,423.0,613.0,716.0,1126.0,1412.0,1784.0,2281.0,2876.0,3661.0,4499.0,5423.0,6633.0,7730.0,9134.0,10995.0,12612.0,14459.0,16018.0,19856.0,22302.0,25233.0,29155.0,32964.0,37575.0,40174.0,44550.0,52128.0,56989.0,59105.0,64338.0,68605.0,70478.0,74390.0,78167.0,82048.0,86334.0,90676.0,93790.0,95403.0,98076.0,103573.0,106206.0,108847.0,109252.0,111821.0,112606.0,114657.0,117324.0,119151.0,120804.0,122577.0,124114.0,124575.0,125770.0,126835.0,128442.0,129581.0,130185.0,130979.0,131287.0,131863.0,132967.0,137150.0,137779.0,138421.0,138854.0,139063.0,139519.0,140227.0,140734.0,141356.0,141919.0,142291.0,142411.0,142903.0,,,,,,,,,,,,,,,,,,,,,,,,,,,,,,,,,,,,,,,,,,,,,
United Kingdom,206.0,273.0,321.0,373.0,456.0,590.0,707.0,1140.0,1391.0,1543.0,1950.0,2630.0,3277.0,3983.0,5018.0,5683.0,6650.0,8077.0,9529.0,11658.0,14543.0,17089.0,19522.0,22141.0,25150.0,29474.0,33718.0,38168.0,41903.0,47806.0,51608.0,55242.0,60733.0,65077.0,70272.0,78991.0,84279.0,88621.0,93873.0,98476.0,103093.0,108692.0,114217.0,120067.0,124743.0,129044.0,133495.0,138078.0,143464.0,148377.0,152840.0,157149.0,161145.0,165221.0,171253.0,177454.0,182260.0,186599.0,190584.0,194990.0,201201.0,206715.0,211364.0,215260.0,219183.0,223060.0,226463.0,229705.0,233151.0,236711.0,240161.0,243695.0,246406.0,,,,,,,,,,,,,,,,,,,,,,,,,,,,,,,,,,,,,,,,,,,,,,,,,
Indonesia,227.0,309.0,450.0,514.0,579.0,686.0,790.0,893.0,1046.0,1155.0,1285.0,1414.0,1528.0,1677.0,1790.0,1986.0,2092.0,2273.0,2491.0,2738.0,2956.0,3293.0,3512.0,3842.0,4241.0,4557.0,4839.0,5136.0,5516.0,5923.0,6248.0,6575.0,6760.0,7135.0,7418.0,7775.0,8211.0,8607.0,8882.0,9096.0,9511.0,9771.0,10118.0,10551.0,10843.0,11192.0,11587.0,12071.0,12438.0,12776.0,13112.0,13645.0,14032.0,14265.0,14749.0,15438.0,16006.0,16496.0,17025.0,17514.0,18010.0,,,,,,,,,,,,,,,,,,,,,,,,,,,,,,,,,,,,,,,,,,,,,,,,,,,,,,,,,,,,,
India,231.0,320.0,439.0,492.0,562.0,649.0,724.0,873.0,979.0,1071.0,1251.0,1397.0,1965.0,2301.0,2902.0,3374.0,4067.0,4421.0,5194.0,5734.0,6412.0,7447.0,8356.0,9152.0,10363.0,11438.0,12380.0,13387.0,14378.0,15712.0,17265.0,18600.0,19984.0,21393.0,23077.0,24506.0,26496.0,27892.0,29435.0,31332.0,33050.0,35043.0,37336.0,39980.0,42533.0,46433.0,49391.0,52952.0,56342.0,59662.0,62939.0,67152.0,70756.0,74281.0,78003.0,81970.0,85940.0,90927.0,96169.0,101139.0,,,,,,,,,,,,,,,,,,,,,,,,,,,,,,,,,,,,,,,,,,,,,,,,,,,,,,,,,,,,,,
Ireland,223.0,292.0,366.0,557.0,683.0,785.0,906.0,1125.0,1329.0,1564.0,1819.0,2121.0,2415.0,2615.0,2910.0,3235.0,3447.0,3849.0,4273.0,4604.0,5111.0,5364.0,5709.0,6224.0,7393.0,8089.0,8928.0,9655.0,10647.0,11479.0,12547.0,13271.0,13980.0,14758.0,15251.0,15652.0,16040.0,16671.0,17607.0,18184.0,18561.0,19262.0,19648.0,19877.0,20253.0,20612.0,20833.0,21176.0,21506.0,21722.0,21983.0,22248.0,22385.0,22541.0,22760.0,22996.0,23135.0,23242.0,23401.0,23827.0,23956.0,24048.0,24112.0,24200.0,,,,,,,,,,,,,,,,,,,,,,,,,,,,,,,,,,,,,,,,,,,,,,,,,,,,,,,,,,
Iran,245.0,388.0,593.0,978.0,1501.0,2336.0,2922.0,3513.0,4747.0,5823.0,6566.0,7161.0,8042.0,9000.0,10075.0,11364.0,12729.0,13938.0,14991.0,16169.0,17361.0,18407.0,19644.0,20610.0,21638.0,23049.0,24811.0,27017.0,29406.0,32332.0,35408.0,38309.0,41495.0,44606.0,47593.0,50468.0,50468.0,55743.0,58226.0,60500.0,62589.0,64586.0,66220.0,68192.0,70029.0,71686.0,73303.0,74877.0,76389.0,77995.0,79494.0,80868.0,82211.0,83505.0,84802.0,85996.0,87026.0,88194.0,89328.0,90481.0,91472.0,92584.0,93657.0,94640.0,95646.0,96448.0,97424.0,98647.0,99970.0,101650.0,103135.0,104691.0,106220.0,107603.0,109286.0,110767.0,112725.0,114533.0,116635.0,118392.0,120198.0,122492.0,,,,,,,,,,,,,,,,,,,,,,,,,,,,,,,,,,,,,,,,
Israel,250.0,260.0,427.0,433.0,677.0,712.0,883.0,1071.0,1442.0,1930.0,2369.0,2666.0,3035.0,3619.0,4247.0,4473.0,4916.0,5591.0,6252.0,7428.0,8018.0,8430.0,8904.0,9248.0,9404.0,9968.0,10408.0,10743.0,11145.0,11586.0,12046.0,12501.0,12758.0,12982.0,13265.0,13491.0,13713.0,13942.0,14592.0,14882.0,15058.0,15298.0,15398.0,15466.0,15589.0,15834.0,15946.0,16101.0,16185.0,16208.0,16246.0,16289.0,16310.0,16381.0,16436.0,16454.0,16477.0,16506.0,16529.0,16548.0,16579.0,16589.0,16608.0,16617.0,16621.0,,,,,,,,,,,,,,,,,,,,,,,,,,,,,,,,,,,,,,,,,,,,,,,,,,,,,,,,,
Italy,229.0,322.0,400.0,650.0,888.0,1128.0,1689.0,2036.0,2502.0,3089.0,3858.0,4636.0,5883.0,7375.0,9172.0,10149.0,12462.0,15113.0,17660.0,21157.0,23980.0,27980.0,31506.0,35713.0,41035.0,47021.0,53578.0,59138.0,63927.0,69176.0,74386.0,80539.0,86498.0,92472.0,97689.0,101739.0,105792.0,110574.0,115242.0,119827.0,124632.0,128948.0,132547.0,135586.0,139422.0,143626.0,147577.0,152271.0,156363.0,159516.0,162488.0,165155.0,168941.0,172434.0,175925.0,178972.0,181228.0,183957.0,187327.0,189973.0,192994.0,195351.0,197675.0,199414.0,201505.0,203591.0,205463.0,207428.0,209328.0,210717.0,211938.0,213013.0,214457.0,215858.0,217185.0,218268.0,219070.0,219814.0,221216.0,222104.0,223096.0,223885.0,224760.0,225435.0,225886.0,,,,,,,,,,,,,,,,,,,,,,,,,,,,,,,,,,,,,
Japan,210.0,230.0,239.0,254.0,254.0,268.0,317.0,349.0,408.0,455.0,488.0,514.0,568.0,619.0,675.0,737.0,780.0,814.0,824.0,829.0,873.0,950.0,1007.0,1046.0,1089.0,1128.0,1193.0,1268.0,1364.0,1499.0,1693.0,1866.0,1953.0,1953.0,2178.0,2617.0,2935.0,3271.0,3654.0,3817.0,3906.0,4257.0,4667.0,5347.0,6748.0,7255.0,7645.0,8100.0,8582.0,9167.0,9795.0,10361.0,10751.0,11118.0,11496.0,11772.0,12240.0,12892.0,13182.0,13385.0,13576.0,13852.0,14088.0,14281.0,14544.0,14839.0,15057.0,15231.0,15354.0,15463.0,15547.0,15628.0,15747.0,15798.0,15874.0,16024.0,16079.0,16193.0,16237.0,16285.0,16305.0,16365.0,,,,,,,,,,,,,,,,,,,,,,,,,,,,,,,,,,,,,,,,
South Korea,345.0,601.0,762.0,892.0,1146.0,1595.0,2022.0,2931.0,3526.0,4212.0,4812.0,5328.0,5766.0,6284.0,6767.0,7134.0,7382.0,7513.0,7755.0,7869.0,7979.0,8086.0,8162.0,8236.0,8320.0,8413.0,8565.0,8652.0,8799.0,8897.0,8961.0,9037.0,9137.0,9241.0,9332.0,9478.0,9583.0,9661.0,9786.0,9786.0,9976.0,10062.0,10156.0,10237.0,10284.0,10331.0,10384.0,10423.0,10450.0,10450.0,10512.0,10537.0,10564.0,10591.0,10613.0,10635.0,10653.0,10661.0,10674.0,10683.0,10694.0,10702.0,10708.0,10718.0,10728.0,10738.0,10752.0,10761.0,10765.0,10774.0,10780.0,10793.0,10801.0,10804.0,10806.0,10810.0,10822.0,10840.0,10874.0,10909.0,10936.0,10962.0,10991.0,11018.0,11037.0,11050.0,11065.0,11078.0,,,,,,,,,,,,,,,,,,,,,,,,,,,,,,,,,,
Kuwait,208.0,225.0,235.0,255.0,266.0,289.0,317.0,342.0,342.0,479.0,556.0,665.0,743.0,855.0,910.0,993.0,1154.0,1234.0,1300.0,1355.0,1405.0,1524.0,1658.0,1752.0,1915.0,1995.0,2080.0,2248.0,2399.0,2614.0,2892.0,3075.0,3288.0,3440.0,3740.0,4024.0,4377.0,4619.0,4983.0,5278.0,5804.0,6289.0,6567.0,7208.0,7623.0,8688.0,9286.0,10277.0,11028.0,11975.0,12860.0,13802.0,14850.0,15691.0,,,,,,,,,,,,,,,,,,,,,,,,,,,,,,,,,,,,,,,,,,,,,,,,,,,,,,,,,,,,,,,,,,,,
Mexico,203.0,251.0,316.0,367.0,405.0,475.0,585.0,717.0,848.0,993.0,1094.0,1215.0,1378.0,1510.0,1688.0,1890.0,2143.0,2439.0,2785.0,3181.0,3441.0,3844.0,4219.0,4661.0,5014.0,5399.0,5847.0,6297.0,6875.0,7497.0,8261.0,8772.0,9501.0,10544.0,11633.0,12872.0,13842.0,14677.0,15529.0,16752.0,17799.0,19224.0,20739.0,22088.0,23471.0,24905.0,26025.0,27634.0,29616.0,31522.0,33460.0,35022.0,36327.0,38324.0,40186.0,42595.0,45032.0,47144.0,49219.0,51633.0,,,,,,,,,,,,,,,,,,,,,,,,,,,,,,,,,,,,,,,,,,,,,,,,,,,,,,,,,,,,,,
Netherlands,265.0,321.0,382.0,503.0,614.0,804.0,959.0,1135.0,1413.0,1705.0,2051.0,2460.0,2994.0,3631.0,4204.0,4749.0,5560.0,6412.0,7431.0,8603.0,9762.0,10866.0,11750.0,12595.0,13614.0,14697.0,15723.0,16627.0,17851.0,18803.0,19580.0,20549.0,21762.0,23097.0,24413.0,25587.0,26551.0,27419.0,28153.0,29214.0,30449.0,31589.0,32655.0,33405.0,34134.0,34842.0,35729.0,36535.0,37190.0,37845.0,38245.0,38416.0,38802.0,39316.0,39791.0,40236.0,40571.0,40770.0,41087.0,41319.0,41774.0,42093.0,42382.0,42627.0,42788.0,42984.0,43211.0,43481.0,43681.0,43870.0,43995.0,44141.0,,,,,,,,,,,,,,,,,,,,,,,,,,,,,,,,,,,,,,,,,,,,,,,,,,
Pakistan,302.0,478.0,495.0,646.0,784.0,887.0,991.0,1057.0,1197.0,1197.0,1408.0,1526.0,1625.0,2039.0,2291.0,2291.0,2291.0,2450.0,3277.0,3864.0,4072.0,4322.0,4601.0,4788.0,5038.0,5374.0,5716.0,5988.0,6505.0,7025.0,7481.0,7993.0,8418.0,9216.0,9749.0,9749.0,11155.0,11940.0,12723.0,13328.0,14079.0,14885.0,15759.0,16817.0,18114.0,19103.0,20186.0,21501.0,22550.0,24073.0,25837.0,27474.0,29465.0,30941.0,32081.0,34336.0,35788.0,37218.0,38799.0,40151.0,42125.0,43966.0,,,,,,,,,,,,,,,,,,,,,,,,,,,,,,,,,,,,,,,,,,,,,,,,,,,,,,,,,,,,
Peru,234.0,263.0,318.0,363.0,395.0,416.0,558.0,580.0,635.0,671.0,852.0,950.0,1065.0,1323.0,1414.0,1595.0,1746.0,2281.0,2561.0,2954.0,4342.0,5256.0,5897.0,6848.0,7519.0,7519.0,10303.0,11475.0,12491.0,13489.0,14420.0,15628.0,16325.0,17837.0,19250.0,20914.0,21648.0,25331.0,27517.0,28699.0,31190.0,33931.0,36976.0,40459.0,42534.0,45928.0,47372.0,51189.0,54817.0,58526.0,61847.0,65015.0,67307.0,68822.0,72059.0,76306.0,80604.0,84495.0,88541.0,92273.0,94933.0,,,,,,,,,,,,,,,,,,,,,,,,,,,,,,,,,,,,,,,,,,,,,,,,,,,,,,,,,,,,,
Philippines,202.0,230.0,230.0,380.0,380.0,462.0,552.0,636.0,707.0,803.0,1075.0,1418.0,2084.0,2084.0,2311.0,2633.0,3018.0,3094.0,3246.0,3660.0,3764.0,3870.0,4076.0,4076.0,4428.0,4648.0,4932.0,5223.0,5453.0,5660.0,5878.0,6087.0,6259.0,6459.0,6599.0,6710.0,6981.0,7192.0,7294.0,7579.0,7777.0,7958.0,8212.0,8488.0,8772.0,8928.0,9223.0,9485.0,9684.0,10004.0,10343.0,10463.0,10610.0,10794.0,11086.0,11350.0,11618.0,11876.0,12091.0,12305.0,12513.0,12718.0,,,,,,,,,,,,,,,,,,,,,,,,,,,,,,,,,,,,,,,,,,,,,,,,,,,,,,,,,,,,
Poland,238.0,287.0,355.0,425.0,536.0,634.0,749.0,901.0,1051.0,1221.0,1389.0,1638.0,1862.0,2055.0,2311.0,2554.0,2946.0,3383.0,3627.0,4102.0,4413.0,4848.0,5205.0,5575.0,5955.0,6356.0,6674.0,6934.0,7202.0,7582.0,7918.0,8379.0,8742.0,9287.0,9593.0,9856.0,10169.0,10511.0,10892.0,11273.0,11617.0,11902.0,12218.0,12640.0,12877.0,13105.0,13375.0,13693.0,14006.0,14431.0,14740.0,15047.0,15366.0,15651.0,15996.0,16326.0,16921.0,17204.0,17615.0,18016.0,18257.0,18529.0,18885.0,,,,,,,,,,,,,,,,,,,,,,,,,,,,,,,,,,,,,,,,,,,,,,,,,,,,,,,,,,,
Portugal,245.0,331.0,448.0,642.0,785.0,1020.0,1280.0,1600.0,2060.0,2362.0,2995.0,3544.0,4268.0,5170.0,5962.0,6408.0,7443.0,8251.0,9034.0,9886.0,10524.0,11278.0,11730.0,12442.0,13141.0,13956.0,15472.0,15987.0,16585.0,16934.0,17448.0,18091.0,18841.0,19022.0,19685.0,20206.0,20863.0,21379.0,21982.0,22353.0,23271.0,23683.0,23846.0,24144.0,24324.0,24692.0,24987.0,25351.0,25190.0,25524.0,25524.0,25702.0,26182.0,26715.0,27268.0,27406.0,27581.0,27679.0,27913.0,28132.0,28319.0,28583.0,28810.0,29036.0,29209.0,,,,,,,,,,,,,,,,,,,,,,,,,,,,,,,,,,,,,,,,,,,,,,,,,,,,,,,,,
Qatar,262.0,320.0,337.0,401.0,439.0,442.0,452.0,460.0,470.0,481.0,494.0,501.0,526.0,537.0,549.0,562.0,590.0,634.0,693.0,781.0,835.0,949.0,949.0,1325.0,1604.0,1832.0,2057.0,2210.0,2376.0,2512.0,2728.0,2979.0,3231.0,3428.0,3711.0,4103.0,4663.0,5008.0,5448.0,6015.0,6533.0,7141.0,7764.0,8525.0,9358.0,10287.0,11244.0,11921.0,12564.0,13409.0,14096.0,14872.0,15551.0,16191.0,17142.0,17972.0,18890.0,20201.0,21331.0,22520.0,23623.0,25149.0,26539.0,28272.0,29425.0,30972.0,32604.0,33969.0,,,,,,,,,,,,,,,,,,,,,,,,,,,,,,,,,,,,,,,,,,,,,,,,,,,,,,
Romania,217.0,260.0,277.0,308.0,367.0,433.0,576.0,762.0,906.0,1029.0,1292.0,1452.0,1760.0,1952.0,2245.0,2460.0,2738.0,3183.0,3613.0,3864.0,4057.0,4417.0,4761.0,5202.0,5467.0,5990.0,6300.0,6633.0,6879.0,7216.0,7707.0,8067.0,8418.0,8746.0,8936.0,9242.0,9710.0,10096.0,10417.0,10635.0,11036.0,11339.0,11616.0,11978.0,12240.0,12567.0,12732.0,13163.0,13512.0,13837.0,14107.0,14499.0,14811.0,15131.0,15362.0,15588.0,15778.0,16002.0,16247.0,16437.0,16704.0,16871.0,17036.0,,,,,,,,,,,,,,,,,,,,,,,,,,,,,,,,,,,,,,,,,,,,,,,,,,,,,,,,,,,
Russia,253.0,306.0,438.0,438.0,495.0,658.0,840.0,1036.0,1264.0,1534.0,1836.0,2337.0,2777.0,3548.0,4149.0,4731.0,5389.0,6343.0,7497.0,8672.0,10131.0,11917.0,13584.0,15770.0,18328.0,21102.0,24490.0,27938.0,32008.0,36793.0,42853.0,47121.0,52763.0,57999.0,62773.0,68622.0,74588.0,80949.0,87147.0,93558.0,99399.0,106498.0,114431.0,124054.0,134687.0,145268.0,155370.0,165929.0,177160.0,187859.0,198676.0,209688.0,221344.0,232243.0,242271.0,252245.0,262843.0,272043.0,281752.0,290678.0,,,,,,,,,,,,,,,,,,,,,,,,,,,,,,,,,,,,,,,,,,,,,,,,,,,,,,,,,,,,,,
Saudi Arabia,238.0,274.0,392.0,511.0,562.0,767.0,900.0,1012.0,1104.0,1203.0,1229.0,1453.0,1563.0,1720.0,1885.0,1885.0,2179.0,2385.0,2523.0,2795.0,2932.0,3287.0,3651.0,4033.0,4462.0,4934.0,5369.0,5862.0,6380.0,7142.0,8274.0,9362.0,10484.0,11631.0,12772.0,13930.0,15102.0,16299.0,17522.0,18811.0,20077.0,21402.0,22753.0,24097.0,25459.0,27011.0,28656.0,30251.0,31938.0,33731.0,35432.0,37136.0,39048.0,41014.0,42925.0,44830.0,46869.0,49176.0,52016.0,54752.0,57345.0,,,,,,,,,,,,,,,,,,,,,,,,,,,,,,,,,,,,,,,,,,,,,,,,,,,,,,,,,,,,,
Singapore,200.0,214.0,226.0,243.0,266.0,313.0,345.0,385.0,432.0,455.0,509.0,558.0,568.0,594.0,732.0,803.0,844.0,844.0,879.0,1000.0,1049.0,1114.0,1189.0,1309.0,1375.0,1481.0,1623.0,1909.0,1909.0,2299.0,2532.0,2918.0,3252.0,3699.0,4427.0,5050.0,5992.0,6588.0,8014.0,9125.0,10141.0,11178.0,11178.0,12693.0,13624.0,14423.0,14951.0,15641.0,16169.0,17101.0,17548.0,18205.0,18778.0,19410.0,20198.0,20939.0,21707.0,22460.0,23336.0,23787.0,24671.0,25346.0,26098.0,26891.0,27356.0,28038.0,28343.0,,,,,,,,,,,,,,,,,,,,,,,,,,,,,,,,,,,,,,,,,,,,,,,,,,,,,,,
Serbia,222.0,249.0,303.0,384.0,457.0,659.0,741.0,741.0,900.0,1060.0,1171.0,1476.0,1624.0,1908.0,2200.0,2447.0,2666.0,2867.0,3105.0,3380.0,3630.0,4054.0,4465.0,4873.0,5318.0,5690.0,5994.0,6318.0,6630.0,6890.0,7114.0,7276.0,7483.0,7779.0,8042.0,8275.0,8497.0,8724.0,9009.0,9205.0,9362.0,9464.0,9557.0,9677.0,9791.0,9848.0,9943.0,10032.0,10114.0,10176.0,10243.0,10295.0,10374.0,10438.0,10496.0,10610.0,10699.0,,,,,,,,,,,,,,,,,,,,,,,,,,,,,,,,,,,,,,,,,,,,,,,,,,,,,,,,,,,,,,,,,
Sweden,203.0,248.0,326.0,462.0,620.0,775.0,924.0,1032.0,1121.0,1167.0,1301.0,1423.0,1623.0,1746.0,1906.0,2016.0,2272.0,2510.0,2806.0,3046.0,3447.0,3700.0,4028.0,4435.0,4947.0,5466.0,6078.0,6443.0,6830.0,7206.0,7693.0,8419.0,9141.0,9685.0,10151.0,10483.0,10948.0,11445.0,11927.0,12540.0,13216.0,13822.0,14385.0,14777.0,15322.0,16004.0,16755.0,17567.0,18177.0,18640.0,18926.0,19621.0,20302.0,21092.0,21520.0,22082.0,22317.0,22721.0,23216.0,23918.0,24623.0,25265.0,25921.0,26322.0,26670.0,27272.0,27909.0,28582.0,29207.0,29677.0,30143.0,30377.0,,,,,,,,,,,,,,,,,,,,,,,,,,,,,,,,,,,,,,,,,,,,,,,,,,
Turkey,359.0,670.0,947.0,1236.0,1529.0,1872.0,2433.0,3629.0,5698.0,7402.0,9217.0,10827.0,13531.0,15679.0,18135.0,20921.0,23934.0,27069.0,30217.0,34109.0,38226.0,42282.0,47029.0,52167.0,56956.0,61049.0,65111.0,69392.0,74193.0,78546.0,82329.0,86306.0,90980.0,95591.0,98674.0,101790.0,104912.0,107773.0,110130.0,112261.0,114653.0,117589.0,120204.0,122392.0,124375.0,126045.0,127659.0,129491.0,131744.0,133721.0,135569.0,137115.0,138657.0,139771.0,141475.0,143114.0,144749.0,146457.0,148067.0,149435.0,150593.0,,,,,,,,,,,,,,,,,,,,,,,,,,,,,,,,,,,,,,,,,,,,,,,,,,,,,,,,,,,,,
Ukraine,218.0,311.0,418.0,480.0,549.0,794.0,804.0,987.0,1096.0,1251.0,1319.0,1462.0,1668.0,1892.0,2203.0,2511.0,2777.0,3102.0,3372.0,4161.0,4462.0,5106.0,5449.0,5710.0,6125.0,6592.0,7170.0,7647.0,8125.0,8617.0,9009.0,9009.0,9410.0,9866.0,10406.0,10861.0,11411.0,11913.0,12331.0,12697.0,13184.0,13691.0,14195.0,14710.0,15232.0,15648.0,16023.0,16425.0,16847.0,17330.0,17858.0,18291.0,18616.0,,,,,,,,,,,,,,,,,,,,,,,,,,,,,,,,,,,,,,,,,,,,,,,,,,,,,,,,,,,,,,,,,,,,,
United States,233.0,338.0,433.0,554.0,754.0,1025.0,1312.0,1663.0,2174.0,2951.0,3774.0,4661.0,6427.0,9415.0,14250.0,19624.0,26747.0,35206.0,46442.0,55231.0,69194.0,85991.0,104686.0,124665.0,143025.0,164620.0,189618.0,216721.0,245540.0,277965.0,312237.0,337635.0,368196.0,398809.0,432132.0,466033.0,501560.0,529951.0,557571.0,582594.0,609516.0,639664.0,671331.0,702164.0,735086.0,759687.0,787752.0,825041.0,842629.0,869172.0,890524.0,939053.0,965910.0,988451.0,1012583.0,1039909.0,1069826.0,1103781.0,1133069.0,1158041.0,1180634.0,1204475.0,1228603.0,1256972.0,1283929.0,1309541.0,1329799.0,1347916.0,1369964.0,1390746.0,1417889.0,1443397.0,1467884.0,1486757.0,1508598.0,,,,,,,,,,,,,,,,,,,,,,,,,,,,,,,,,,,,,,,,,,,,,,,
South Africa,205.0,240.0,274.0,402.0,557.0,709.0,927.0,1170.0,1187.0,1280.0,1326.0,1353.0,1380.0,1462.0,1505.0,1585.0,1655.0,1686.0,1749.0,1845.0,1934.0,2003.0,2028.0,2173.0,2272.0,2415.0,2506.0,2605.0,2783.0,3034.0,3158.0,3300.0,3465.0,3635.0,3953.0,4220.0,4361.0,4546.0,4793.0,4996.0,5350.0,5647.0,5951.0,6336.0,6783.0,7220.0,7572.0,7808.0,8232.0,8895.0,9420.0,10015.0,10652.0,11350.0,12074.0,12739.0,13524.0,14355.0,15515.0,16433.0,,,,,,,,,,,,,,,,,,,,,,,,,,,,,,,,,,,,,,,,,,,,,,,,,,,,,,,,,,,,,,
