state,state_name,2020-03-14_cases,2020-03-15_cases,2020-03-16_cases,2020-03-17_cases,2020-03-18_cases,2020-03-19_cases,2020-03-20_cases,2020-03-21_cases,2020-03-22_cases,2020-03-23_cases,2020-03-24_cases,2020-03-25_cases,2020-03-26_cases,2020-03-27_cases,2020-03-28_cases,2020-03-29_cases,2020-03-30_cases,2020-03-31_cases,2020-04-01_cases,2020-04-02_cases,2020-04-03_cases,2020-04-04_cases,2020-04-05_cases,2020-04-06_cases,2020-04-07_cases,2020-04-08_cases,2020-04-09_cases,2020-04-10_cases,2020-04-11_cases,2020-04-12_cases,2020-04-13_cases,2020-04-14_cases,2020-04-15_cases,2020-04-16_cases,2020-04-17_cases,2020-04-18_cases,2020-04-19_cases,2020-04-20_cases,2020-04-21_cases,2020-04-22_cases,2020-04-23_cases,2020-04-24_cases,2020-04-25_cases,2020-04-26_cases,2020-04-27_cases,2020-04-28_cases,2020-04-29_cases,2020-04-30_cases,2020-05-01_cases,2020-05-02_cases,2020-05-03_cases,2020-05-04_cases,2020-05-05_cases,2020-05-06_cases,2020-05-07_cases,2020-05-08_cases,2020-05-09_cases,2020-05-10_cases,2020-05-11_cases,2020-05-12_cases,2020-05-13_cases,2020-05-14_cases,2020-05-15_cases,2020-05-16_cases,2020-05-17_cases,2020-05-18_cases,2020-03-14_deaths,2020-03-15_deaths,2020-03-16_deaths,2020-03-17_deaths,2020-03-18_deaths,2020-03-19_deaths,2020-03-20_deaths,2020-03-21_deaths,2020-03-22_deaths,2020-03-23_deaths,2020-03-24_deaths,2020-03-25_deaths,2020-03-26_deaths,2020-03-27_deaths,2020-03-28_deaths,2020-03-29_deaths,2020-03-30_deaths,2020-03-31_deaths,2020-04-01_deaths,2020-04-02_deaths,2020-04-03_deaths,2020-04-04_deaths,2020-04-05_deaths,2020-04-06_deaths,2020-04-07_deaths,2020-04-08_deaths,2020-04-09_deaths,2020-04-10_deaths,2020-04-11_deaths,2020-04-12_deaths,2020-04-13_deaths,2020-04-14_deaths,2020-04-15_deaths,2020-04-16_deaths,2020-04-17_deaths,2020-04-18_deaths,2020-04-19_deaths,2020-04-20_deaths,2020-04-21_deaths,2020-04-22_deaths,2020-04-23_deaths,2020-04-24_deaths,2020-04-25_deaths,2020-04-26_deaths,2020-04-27_deaths,2020-04-28_deaths,2020-04-29_deaths,2020-04-30_deaths,2020-05-01_deaths,2020-05-02_deaths,2020-05-03_deaths,2020-05-04_deaths,2020-05-05_deaths,2020-05-06_deaths,2020-05-07_deaths,2020-05-08_deaths,2020-05-09_deaths,2020-05-10_deaths,2020-05-11_deaths,2020-05-12_deaths,2020-05-13_deaths,2020-05-14_deaths,2020-05-15_deaths,2020-05-16_deaths,2020-05-17_deaths,2020-05-18_deaths,2020-03-14_testspm,2020-03-15_testspm,2020-03-16_testspm,2020-03-17_testspm,2020-03-18_testspm,2020-03-19_testspm,2020-03-20_testspm,2020-03-21_testspm,2020-03-22_testspm,2020-03-23_testspm,2020-03-24_testspm,2020-03-25_testspm,2020-03-26_testspm,2020-03-27_testspm,2020-03-28_testspm,2020-03-29_testspm,2020-03-30_testspm,2020-03-31_testspm,2020-04-01_testspm,2020-04-02_testspm,2020-04-03_testspm,2020-04-04_testspm,2020-04-05_testspm,2020-04-06_testspm,2020-04-07_testspm,2020-04-08_testspm,2020-04-09_testspm,2020-04-10_testspm,2020-04-11_testspm,2020-04-12_testspm,2020-04-13_testspm,2020-04-14_testspm,2020-04-15_testspm,2020-04-16_testspm,2020-04-17_testspm,2020-04-18_testspm,2020-04-19_testspm,2020-04-20_testspm,2020-04-21_testspm,2020-04-22_testspm,2020-04-23_testspm,2020-04-24_testspm,2020-04-25_testspm,2020-04-26_testspm,2020-04-27_testspm,2020-04-28_testspm,2020-04-29_testspm,2020-04-30_testspm,2020-05-01_testspm,2020-05-02_testspm,2020-05-03_testspm,2020-05-04_testspm,2020-05-05_testspm,2020-05-06_testspm,2020-05-07_testspm,2020-05-08_testspm,2020-05-09_testspm,2020-05-10_testspm,2020-05-11_testspm,2020-05-12_testspm,2020-05-13_testspm,2020-05-14_testspm,2020-05-15_testspm,2020-05-16_testspm,2020-05-17_testspm,2020-05-18_testspm,2020-03-14_ntod,2020-03-15_ntod,2020-03-16_ntod,2020-03-17_ntod,2020-03-18_ntod,2020-03-19_ntod,2020-03-20_ntod,2020-03-21_ntod,2020-03-22_ntod,2020-03-23_ntod,2020-03-24_ntod,2020-03-25_ntod,2020-03-26_ntod,2020-03-27_ntod,2020-03-28_ntod,2020-03-29_ntod,2020-03-30_ntod,2020-03-31_ntod,2020-04-01_ntod,2020-04-02_ntod,2020-04-03_ntod,2020-04-04_ntod,2020-04-05_ntod,2020-04-06_ntod,2020-04-07_ntod,2020-04-08_ntod,2020-04-09_ntod,2020-04-10_ntod,2020-04-11_ntod,2020-04-12_ntod,2020-04-13_ntod,2020-04-14_ntod,2020-04-15_ntod,2020-04-16_ntod,2020-04-17_ntod,2020-04-18_ntod,2020-04-19_ntod,2020-04-20_ntod,2020-04-21_ntod,2020-04-22_ntod,2020-04-23_ntod,2020-04-24_ntod,2020-04-25_ntod,2020-04-26_ntod,2020-04-27_ntod,2020-04-28_ntod,2020-04-29_ntod,2020-04-30_ntod,2020-05-01_ntod,2020-05-02_ntod,2020-05-03_ntod,2020-05-04_ntod,2020-05-05_ntod,2020-05-06_ntod,2020-05-07_ntod,2020-05-08_ntod,2020-05-09_ntod,2020-05-10_ntod,2020-05-11_ntod,2020-05-12_ntod,2020-05-13_ntod,2020-05-14_ntod,2020-05-15_ntod,2020-05-16_ntod,2020-05-17_ntod,2020-05-18_ntod
AN,Andaman and Nicobar Islands,0.0,0.0,0.0,0.0,0.0,0.0,0.0,0.0,0.0,0.0,0.0,0.0,1.0,6.0,9.0,9.0,10.0,10.0,10.0,10.0,10.0,10.0,10.0,10.0,10.0,11.0,11.0,11.0,11.0,11.0,11.0,11.0,11.0,11.0,12.0,14.0,15.0,16.0,17.0,18.0,22.0,29.0,33.0,33.0,33.0,33.0,33.0,33.0,33.0,33.0,33.0,33.0,33.0,33.0,33.0,33.0,33.0,33.0,33.0,33.0,33.0,33.0,33.0,33.0,33.0,33.0,0.0,0.0,0.0,0.0,0.0,0.0,0.0,0.0,0.0,0.0,0.0,0.0,0.0,0.0,0.0,0.0,0.0,0.0,0.0,0.0,0.0,0.0,0.0,0.0,0.0,0.0,0.0,0.0,0.0,0.0,0.0,0.0,0.0,0.0,0.0,0.0,0.0,0.0,0.0,0.0,0.0,0.0,0.0,0.0,0.0,0.0,0.0,0.0,0.0,0.0,0.0,0.0,0.0,0.0,0.0,0.0,0.0,0.0,0.0,0.0,0.0,0.0,0.0,0.0,0.0,0.0,0.0,0.0,0.0,0.0,0.0,0.0,0.0,0.0,0.0,0.0,0.0,0.0,0.0,0.0,0.0,0.0,0.0,0.0,0.0,0.0,0.0,0.0,0.0,0.0,0.0,0.0,0.0,0.0,0.0,0.0,0.0,0.0,0.0,0.0,3686.47,3686.47,3686.47,3686.47,3686.47,3686.47,3686.47,7039.24,7039.24,7039.24,7483.3,7483.3,7483.3,7483.3,9863.87,9863.87,9863.87,9863.87,9863.87,9863.87,9863.87,9863.87,9863.87,9863.87,9863.87,9863.87,9863.87,9863.87,9863.87,17544.23,17544.23,17544.23,,,,,,,,,,,,,,,,,,,,,,,,,,,,,,,,,,,,,,,,,,,,,,,,,,,,,,,,,,,,,,,,,,
AP,Andhra Pradesh,1.0,1.0,1.0,1.0,1.0,3.0,3.0,5.0,6.0,7.0,8.0,10.0,11.0,13.0,19.0,21.0,23.0,44.0,111.0,149.0,164.0,192.0,256.0,303.0,314.0,348.0,363.0,381.0,405.0,420.0,439.0,484.0,525.0,534.0,572.0,603.0,647.0,722.0,757.0,813.0,893.0,955.0,1016.0,1097.0,1177.0,1259.0,1332.0,1403.0,1463.0,1525.0,1583.0,1650.0,1717.0,1777.0,1833.0,1887.0,1930.0,1980.0,2018.0,2089.0,2137.0,2205.0,2289.0,2337.0,2362.0,2414.0,0.0,0.0,0.0,0.0,0.0,0.0,0.0,0.0,0.0,0.0,0.0,0.0,0.0,0.0,0.0,0.0,0.0,0.0,0.0,0.0,1.0,1.0,1.0,3.0,4.0,4.0,6.0,6.0,6.0,7.0,7.0,11.0,14.0,14.0,14.0,16.0,17.0,20.0,22.0,24.0,27.0,29.0,31.0,31.0,31.0,31.0,31.0,31.0,33.0,33.0,33.0,33.0,34.0,36.0,38.0,41.0,44.0,45.0,45.0,46.0,47.0,48.0,48.0,49.0,50.0,50.0,0.0,0.0,0.0,0.0,0.0,0.0,0.0,0.0,0.0,0.0,0.0,0.0,0.0,0.0,0.0,0.0,0.0,0.0,0.0,36.45,36.45,36.45,36.45,36.45,36.45,36.45,36.45,129.08,140.91,140.91,177.3,212.74,235.18,409.79,409.79,434.4,545.94,622.39,724.1,840.69,972.73,1100.43,1240.74,1377.8,1509.78,1626.89,1783.38,1914.95,2074.98,2195.34,2327.66,2536.09,2703.43,2861.03,3024.8,3173.04,3342.91,3518.41,3668.46,3885.76,4074.54,4261.99,4445.03,4445.03,4840.1,5038.01,,,,,,,,,,,,,,,,,,,3.64,3.74,3.8,3.16,3.43,4.1,7.52,7.42,9.83,12.21,13.65,13.58,15.36,13.5,12.34,18.23,16.43,15.92,16.47,16.03,10.8,10.73,9.58,9.68,10.65,9.53,9.56,10.14,10.53,10.96,12.47,13.84,15.49,16.38,17.19,17.92,19.04,20.11,22.91,24.85,28.11,27.65,28.98,27.25,25.54,24.92,33.94,34.21
AR,Arunachal Pradesh,0.0,0.0,0.0,0.0,0.0,0.0,0.0,0.0,0.0,0.0,0.0,0.0,0.0,0.0,0.0,0.0,0.0,0.0,0.0,1.0,1.0,1.0,1.0,1.0,1.0,1.0,1.0,1.0,1.0,1.0,1.0,1.0,1.0,1.0,1.0,1.0,1.0,1.0,1.0,1.0,1.0,1.0,1.0,1.0,1.0,1.0,1.0,1.0,1.0,1.0,1.0,1.0,1.0,1.0,1.0,1.0,1.0,1.0,1.0,1.0,1.0,1.0,1.0,1.0,1.0,1.0,0.0,0.0,0.0,0.0,0.0,0.0,0.0,0.0,0.0,0.0,0.0,0.0,0.0,0.0,0.0,0.0,0.0,0.0,0.0,0.0,0.0,0.0,0.0,0.0,0.0,0.0,0.0,0.0,0.0,0.0,0.0,0.0,0.0,0.0,0.0,0.0,0.0,0.0,0.0,0.0,0.0,0.0,0.0,0.0,0.0,0.0,0.0,0.0,0.0,0.0,0.0,0.0,0.0,0.0,0.0,0.0,0.0,0.0,0.0,0.0,0.0,0.0,0.0,0.0,0.0,0.0,0.0,0.0,0.0,0.0,0.0,0.0,0.0,0.0,0.0,0.0,0.0,0.0,0.0,0.0,0.0,0.0,0.0,0.0,0.0,0.0,0.0,0.0,0.0,0.0,0.0,0.0,122.14,122.14,122.14,122.14,122.14,166.01,166.01,166.01,215.22,230.64,230.64,260.28,269.17,294.08,294.08,311.86,311.86,336.76,346.25,361.66,392.5,411.47,429.25,429.25,480.24,515.22,575.11,616.02,678.27,802.78,946.85,1080.84,1232.03,1338.16,1472.15,1587.18,1744.29,1875.32,1985.6,2171.18,,,,,,,,,,,,,,,,,,,,,,,,,,,,,,,,,,,,,,,,,,,,,,,,,,,,,,,,,,,,,,,,,,
AS,Assam,0.0,0.0,0.0,0.0,0.0,0.0,0.0,0.0,0.0,0.0,0.0,0.0,0.0,0.0,0.0,0.0,0.0,1.0,16.0,16.0,23.0,26.0,26.0,26.0,28.0,28.0,29.0,29.0,29.0,30.0,32.0,33.0,33.0,35.0,35.0,35.0,35.0,35.0,35.0,35.0,36.0,36.0,36.0,36.0,36.0,38.0,38.0,43.0,43.0,43.0,43.0,43.0,45.0,46.0,54.0,60.0,62.0,63.0,65.0,65.0,80.0,87.0,87.0,90.0,98.0,113.0,0.0,0.0,0.0,0.0,0.0,0.0,0.0,0.0,0.0,0.0,0.0,0.0,0.0,0.0,0.0,0.0,0.0,0.0,0.0,0.0,0.0,0.0,0.0,0.0,0.0,0.0,0.0,1.0,1.0,1.0,1.0,1.0,1.0,1.0,1.0,1.0,1.0,1.0,1.0,1.0,1.0,1.0,1.0,1.0,1.0,1.0,1.0,1.0,1.0,1.0,1.0,1.0,1.0,1.0,1.0,2.0,1.0,1.0,1.0,1.0,1.0,1.0,1.0,1.0,1.0,3.0,0.0,0.0,0.0,0.0,0.0,0.0,0.0,0.0,0.0,0.0,0.0,0.0,0.0,0.0,0.0,0.0,0.0,0.0,0.0,28.52,28.52,28.52,28.52,28.52,28.52,28.52,28.52,84.87,89.25,93.02,93.02,103.48,107.1,121.77,125.56,130.43,144.21,151.53,163.45,163.45,163.45,198.01,212.21,231.89,240.61,240.61,282.19,282.19,282.19,344.53,344.53,378.68,398.45,398.45,398.45,398.45,479.23,533.62,580.66,645.93,645.93,765.48,835.26,927.09,1018.98,1123.38,,,,,,,,,,,,,,,,,,,,,,,,,,,,,,,,,,,,,,,,,,,,,,,,,,,,,,,,,15.76,21.38,19.51,,,,,,,
BR,Bihar,0.0,0.0,0.0,0.0,0.0,0.0,0.0,0.0,2.0,3.0,3.0,4.0,7.0,9.0,11.0,15.0,15.0,21.0,24.0,29.0,31.0,32.0,32.0,32.0,38.0,39.0,58.0,60.0,64.0,64.0,66.0,66.0,72.0,83.0,85.0,86.0,96.0,113.0,126.0,143.0,170.0,223.0,251.0,277.0,346.0,366.0,403.0,425.0,466.0,481.0,517.0,528.0,535.0,542.0,550.0,579.0,611.0,707.0,749.0,879.0,953.0,999.0,1033.0,1178.0,1320.0,1423.0,0.0,0.0,0.0,0.0,0.0,0.0,0.0,0.0,1.0,1.0,1.0,1.0,1.0,1.0,1.0,1.0,1.0,1.0,1.0,1.0,1.0,1.0,1.0,1.0,1.0,1.0,1.0,1.0,1.0,1.0,1.0,1.0,1.0,1.0,1.0,2.0,2.0,2.0,2.0,2.0,2.0,2.0,2.0,2.0,2.0,2.0,2.0,2.0,3.0,4.0,4.0,4.0,4.0,4.0,5.0,5.0,5.0,6.0,6.0,6.0,7.0,7.0,7.0,8.0,8.0,9.0,0.0,0.0,0.0,0.0,0.0,0.0,0.0,0.0,0.0,0.0,0.0,0.0,0.0,0.0,0.0,0.0,0.0,0.0,0.0,0.0,0.0,0.0,29.25,29.25,29.25,44.27,48.07,52.56,60.2,64.56,69.96,74.43,79.59,85.21,91.37,97.57,103.5,109.03,115.58,125.01,132.78,143.75,153.01,164.14,175.1,190.62,204.01,218.38,232.31,247.78,259.6,273.03,277.32,282.49,287.44,292.05,303.92,314.69,333.87,360.53,377.09,392.82,410.77,427.09,440.47,452.68,,,,,,,,,,,,,,,,,,,,,,,,,,,,,12.73,,,,,,,,21.5,20.76,21.06,16.33,5.28,4.53,4.85,4.99,4.51,6.18,7.11,8.54,8.64,12.4,11.85,16.99,24.91,34.07,39.16,39.93,35.93,26.35,18.09,9.49,8.51,8.87,12.07,10.72,11.07,11.2
CH,Chandigarh,0.0,0.0,0.0,0.0,0.0,1.0,5.0,5.0,6.0,7.0,7.0,7.0,7.0,8.0,8.0,8.0,13.0,15.0,17.0,18.0,18.0,18.0,18.0,18.0,18.0,18.0,18.0,19.0,19.0,21.0,21.0,21.0,21.0,21.0,21.0,23.0,26.0,26.0,27.0,27.0,27.0,27.0,28.0,36.0,45.0,56.0,68.0,74.0,88.0,94.0,97.0,102.0,119.0,124.0,135.0,146.0,169.0,173.0,181.0,187.0,191.0,191.0,191.0,191.0,191.0,196.0,0.0,0.0,0.0,0.0,0.0,0.0,0.0,0.0,0.0,0.0,0.0,0.0,0.0,0.0,0.0,0.0,0.0,0.0,0.0,0.0,0.0,0.0,0.0,0.0,0.0,0.0,0.0,0.0,0.0,0.0,0.0,0.0,0.0,0.0,0.0,0.0,0.0,0.0,0.0,0.0,0.0,0.0,0.0,0.0,0.0,0.0,0.0,0.0,0.0,0.0,1.0,1.0,1.0,1.0,1.0,2.0,2.0,3.0,3.0,3.0,3.0,3.0,3.0,3.0,3.0,3.0,0.0,0.0,0.0,0.0,0.0,0.0,0.0,0.0,0.0,0.0,0.0,0.0,0.0,0.0,0.0,0.0,0.0,0.0,0.0,117.49,117.49,117.49,117.49,117.49,117.49,174.33,174.33,211.28,250.13,264.34,280.45,292.77,300.35,319.3,339.19,360.98,407.41,429.2,470.89,501.21,567.53,604.48,695.44,716.28,798.71,875.46,958.83,1086.74,1186.22,1385.19,1531.1,1589.84,1623.0,1691.22,1748.07,1812.5,1947.04,2029.47,2062.63,2156.43,2292.86,2373.4,2450.14,2575.2,2664.27,2740.06,,,,,,,,,,,,,,,,,,,,,,,,,,,,,,,,,,,,,,,,,,,,,,,6.33,4.16,4.41,5.89,9.67,11.71,10.97,13.54,13.07,10.43,8.62,13.64,13.34,15.96,20.74,,,,,
CT,Chhattisgarh,0.0,0.0,0.0,0.0,0.0,1.0,1.0,1.0,1.0,1.0,1.0,3.0,6.0,6.0,7.0,7.0,8.0,9.0,9.0,9.0,9.0,10.0,10.0,10.0,10.0,10.0,18.0,18.0,25.0,31.0,31.0,33.0,33.0,36.0,36.0,36.0,36.0,36.0,36.0,36.0,36.0,36.0,37.0,37.0,37.0,38.0,38.0,40.0,43.0,43.0,57.0,58.0,59.0,59.0,59.0,59.0,59.0,59.0,59.0,59.0,59.0,60.0,66.0,67.0,85.0,95.0,0.0,0.0,0.0,0.0,0.0,0.0,0.0,0.0,0.0,0.0,0.0,0.0,0.0,0.0,0.0,0.0,0.0,0.0,0.0,0.0,0.0,0.0,0.0,0.0,0.0,0.0,0.0,0.0,0.0,0.0,0.0,0.0,0.0,0.0,0.0,0.0,0.0,0.0,0.0,0.0,0.0,0.0,0.0,0.0,0.0,0.0,0.0,0.0,0.0,0.0,0.0,0.0,0.0,0.0,0.0,0.0,0.0,0.0,0.0,0.0,0.0,0.0,0.0,0.0,0.0,0.0,0.0,0.0,0.0,0.0,0.0,0.0,0.0,0.0,0.0,0.0,0.0,0.0,0.0,0.0,0.0,0.0,0.0,0.0,0.0,43.62,43.62,43.62,43.62,43.62,43.62,43.62,43.62,122.97,136.6,139.68,154.98,170.38,181.36,195.42,204.52,204.52,236.35,269.14,292.89,326.46,366.33,403.15,446.0,488.13,530.66,557.21,585.86,621.09,638.72,638.72,704.69,704.69,755.0,785.63,785.63,836.65,867.71,895.18,895.18,968.02,1021.06,1051.51,1109.72,1157.06,1157.06,1296.14,,,,,,,,,,,,,,,,,,,,,,,,,,,,,,,,,,,,,,,,,,,,,,,,,,,,,,,,,,,,,,,,,,20.75
DN,Dadra and Nagar Haveli,0.0,0.0,0.0,0.0,0.0,0.0,0.0,0.0,0.0,0.0,0.0,0.0,0.0,0.0,0.0,0.0,0.0,0.0,0.0,0.0,0.0,0.0,0.0,0.0,0.0,0.0,0.0,0.0,0.0,0.0,0.0,0.0,0.0,0.0,0.0,0.0,0.0,0.0,0.0,0.0,0.0,0.0,0.0,0.0,0.0,0.0,0.0,0.0,0.0,0.0,0.0,0.0,1.0,1.0,1.0,1.0,1.0,1.0,1.0,1.0,1.0,1.0,1.0,1.0,1.0,1.0,0.0,0.0,0.0,0.0,0.0,0.0,0.0,0.0,0.0,0.0,0.0,0.0,0.0,0.0,0.0,0.0,0.0,0.0,0.0,0.0,0.0,0.0,0.0,0.0,0.0,0.0,0.0,0.0,0.0,0.0,0.0,0.0,0.0,0.0,0.0,0.0,0.0,0.0,0.0,0.0,0.0,0.0,0.0,0.0,0.0,0.0,0.0,0.0,0.0,0.0,0.0,0.0,0.0,0.0,0.0,0.0,0.0,0.0,0.0,0.0,0.0,0.0,0.0,0.0,0.0,0.0,,,,,,,,,,,,,,,,,,,,,,,,,,,,,,,,,,,,,,,,,,,,,,,,,,,,,,,,,,,,,,,,,,,,,,,,,,,,,,,,,,,,,,,,,,,,,,,,,,,,,,,,,,,,,,,,,,,,,,,,,,,,,,,,,,,,
DL,Delhi,7.0,7.0,7.0,8.0,10.0,14.0,20.0,27.0,27.0,30.0,30.0,35.0,36.0,40.0,49.0,72.0,97.0,120.0,152.0,293.0,386.0,445.0,503.0,525.0,576.0,669.0,720.0,903.0,1069.0,1154.0,1510.0,1561.0,1578.0,1640.0,1707.0,1893.0,2003.0,2081.0,2156.0,2248.0,2376.0,2514.0,2625.0,2918.0,3108.0,3314.0,3439.0,3515.0,3738.0,4122.0,4549.0,4898.0,5104.0,5532.0,5980.0,6318.0,6542.0,6923.0,7233.0,7639.0,7998.0,8470.0,8895.0,9333.0,9755.0,10054.0,1.0,1.0,1.0,1.0,1.0,1.0,1.0,1.0,1.0,1.0,1.0,1.0,1.0,1.0,1.0,2.0,2.0,2.0,2.0,4.0,6.0,6.0,7.0,7.0,9.0,9.0,12.0,14.0,19.0,24.0,28.0,30.0,32.0,38.0,42.0,43.0,45.0,47.0,47.0,48.0,50.0,53.0,54.0,54.0,54.0,54.0,56.0,59.0,61.0,64.0,64.0,64.0,64.0,65.0,66.0,68.0,68.0,73.0,73.0,86.0,106.0,115.0,123.0,129.0,148.0,160.0,0.0,0.0,0.0,0.0,0.0,0.0,0.0,0.0,0.0,0.0,0.0,0.0,0.0,0.0,0.0,0.0,0.0,0.0,156.12,156.12,156.12,156.12,156.12,156.12,538.54,538.54,593.76,658.87,697.46,836.08,895.4,969.86,989.1,1118.9,1275.26,1327.32,1452.65,1542.77,1586.08,1686.27,1820.35,2005.73,2115.74,2240.48,2377.36,2583.4,2813.03,2813.03,2813.03,3467.37,3588.65,3818.69,4041.71,4284.86,4600.56,4846.75,5017.05,5587.94,5818.34,6320.55,6751.57,7132.26,7457.08,7793.99,8088.6,8323.06,,,,,,,,,,,,,,,,8.18,7.75,3.48,2.75,2.27,2.42,2.93,3.41,6.06,7.34,7.77,8.68,8.16,5.74,6.06,5.65,7.93,20.12,22.9,24.55,25.37,23.65,14.48,14.8,14.66,15.82,15.82,15.4,12.8,11.68,11.33,12.62,15.75,16.7,15.92,15.16,13.3,10.32,9.79,10.15,11.26,13.37,12.45,13.89,14.65,15.15,13.59,13.97,13.69,14.29,15.86
GA,Goa,0.0,0.0,0.0,0.0,0.0,0.0,0.0,0.0,0.0,0.0,0.0,3.0,3.0,3.0,3.0,5.0,5.0,5.0,5.0,5.0,6.0,7.0,7.0,7.0,7.0,7.0,7.0,7.0,7.0,7.0,7.0,7.0,7.0,7.0,7.0,7.0,7.0,7.0,7.0,7.0,7.0,7.0,7.0,7.0,7.0,7.0,7.0,7.0,7.0,7.0,7.0,7.0,7.0,7.0,7.0,7.0,7.0,7.0,7.0,7.0,7.0,15.0,15.0,20.0,29.0,38.0,0.0,0.0,0.0,0.0,0.0,0.0,0.0,0.0,0.0,0.0,0.0,0.0,0.0,0.0,0.0,0.0,0.0,0.0,0.0,0.0,0.0,0.0,0.0,0.0,0.0,0.0,0.0,0.0,0.0,0.0,0.0,0.0,0.0,0.0,0.0,0.0,0.0,0.0,0.0,0.0,0.0,0.0,0.0,0.0,0.0,0.0,0.0,0.0,0.0,0.0,0.0,0.0,0.0,0.0,0.0,0.0,0.0,0.0,0.0,0.0,0.0,0.0,0.0,0.0,0.0,0.0,0.0,0.0,0.0,0.0,0.0,0.0,0.0,0.0,0.0,0.0,0.0,0.0,0.0,0.0,0.0,0.0,0.0,0.0,0.0,150.92,150.92,150.92,150.92,150.92,150.92,150.92,235.98,242.84,242.84,278.52,301.84,328.59,381.42,419.15,461.68,519.99,566.64,618.09,688.75,765.58,827.32,827.32,827.32,827.32,1057.13,1218.34,1283.51,1393.27,1496.17,1627.2,1747.93,1988.72,2123.86,2339.95,2339.95,2840.05,3103.47,3325.73,3640.61,3640.61,3640.61,4620.91,5010.55,5495.56,6026.52,6026.52,,,,,,,,,,,,,,,,,,,,,,,,,,,,,,,,,,,,,,,,,,,,,,,,,,,,,,,,,,,,,,,,,,
GJ,Gujarat,0.0,0.0,0.0,0.0,0.0,2.0,7.0,14.0,18.0,30.0,34.0,38.0,43.0,47.0,55.0,63.0,70.0,74.0,87.0,88.0,95.0,108.0,128.0,146.0,175.0,186.0,262.0,378.0,468.0,516.0,572.0,650.0,766.0,929.0,1099.0,1376.0,1743.0,1939.0,2178.0,2407.0,2624.0,2815.0,3071.0,3301.0,3548.0,3774.0,4082.0,4395.0,4721.0,5054.0,5428.0,5804.0,6245.0,6625.0,7013.0,7403.0,7797.0,8195.0,8542.0,8904.0,9268.0,9592.0,9932.0,10989.0,11380.0,11746.0,0.0,0.0,0.0,0.0,0.0,0.0,0.0,0.0,1.0,1.0,1.0,1.0,3.0,3.0,4.0,5.0,6.0,6.0,6.0,7.0,9.0,10.0,11.0,12.0,14.0,16.0,18.0,19.0,22.0,24.0,26.0,28.0,33.0,36.0,41.0,53.0,63.0,71.0,90.0,103.0,112.0,127.0,133.0,151.0,162.0,181.0,197.0,214.0,236.0,262.0,290.0,319.0,368.0,396.0,425.0,449.0,472.0,493.0,513.0,537.0,566.0,586.0,606.0,625.0,659.0,694.0,0.0,0.0,0.0,0.0,0.0,0.0,0.0,0.0,0.0,0.0,0.0,0.0,0.0,0.0,0.0,0.0,0.0,0.0,0.0,0.0,0.0,0.0,0.0,0.0,0.0,65.14,65.14,119.02,150.56,180.66,219.77,231.01,296.04,322.35,362.14,402.53,448.82,513.78,567.95,607.92,653.62,720.84,745.08,787.89,826.2,865.15,917.38,987.07,1060.58,1142.96,1234.63,1305.38,1382.24,1467.97,1550.66,1625.19,1690.95,1750.21,1796.12,1843.4,1885.98,1923.16,1971.75,2134.42,2214.5,2295.06,,,,,,,,,,,,,,,5.92,5.83,5.9,7.27,6.57,17.82,18.61,18.37,16.69,16.89,5.53,5.99,5.31,4.88,4.47,5.13,4.2,4.88,5.34,5.41,4.82,4.09,3.59,4.05,4.52,5.08,6.07,7.46,7.75,8.48,9.01,9.65,9.45,9.73,9.75,9.86,9.56,9.86,9.88,10.29,10.69,11.31,11.91,12.8,13.8,14.7,15.6,16.96,18.16,16.19,16.81,17.73
HR,Haryana,14.0,14.0,14.0,15.0,16.0,17.0,19.0,21.0,21.0,28.0,30.0,31.0,32.0,33.0,35.0,35.0,36.0,43.0,43.0,49.0,58.0,84.0,90.0,110.0,143.0,167.0,170.0,176.0,179.0,195.0,196.0,198.0,204.0,215.0,223.0,232.0,250.0,251.0,255.0,264.0,270.0,275.0,287.0,296.0,301.0,308.0,311.0,339.0,357.0,376.0,442.0,517.0,548.0,594.0,625.0,647.0,675.0,703.0,730.0,780.0,793.0,818.0,854.0,887.0,910.0,928.0,0.0,0.0,0.0,0.0,0.0,0.0,0.0,0.0,0.0,0.0,0.0,0.0,0.0,0.0,0.0,0.0,0.0,0.0,0.0,0.0,0.0,0.0,0.0,2.0,2.0,2.0,2.0,2.0,2.0,3.0,3.0,3.0,3.0,3.0,3.0,3.0,3.0,3.0,3.0,3.0,3.0,3.0,3.0,3.0,3.0,3.0,3.0,4.0,4.0,5.0,5.0,6.0,6.0,7.0,7.0,8.0,9.0,10.0,11.0,11.0,11.0,11.0,13.0,13.0,14.0,14.0,0.0,0.0,0.0,0.0,0.0,0.0,0.0,0.0,0.0,0.0,0.0,0.0,0.0,0.0,0.0,0.0,0.0,0.0,0.0,0.0,51.25,51.25,51.25,51.25,97.47,102.49,114.64,136.41,141.67,150.96,173.62,201.51,285.74,311.89,343.6,404.33,490.69,537.37,563.21,601.85,680.01,728.86,783.98,830.27,889.29,960.19,1011.32,1090.76,1167.69,1206.71,1364.44,1476.79,1585.05,1673.89,1798.27,1924.01,2060.77,2203.91,2310.35,2412.54,2544.35,2676.08,2797.33,2904.5,3017.9,3121.13,,,,,,,,,,,,,,,,,,,,,,,,4.96,4.42,4.5,11.91,13.9,21.41,22.5,48.71,54.57,55.22,49.66,51.83,28.24,16.44,46.52,52.65,52.85,55.52,61.22,29.73,25.46,29.74,29.6,36.34,34.71,32.9,27.29,22.12,8.7,9.48,8.52,8.57,11.72,14.1,15.14,17.09,16.46,20.84,22.03,21.84,21.82,25.14,23.83
HP,Himachal Pradesh,0.0,0.0,0.0,0.0,0.0,0.0,2.0,2.0,2.0,3.0,3.0,3.0,3.0,3.0,3.0,3.0,3.0,3.0,3.0,6.0,6.0,13.0,14.0,18.0,27.0,27.0,28.0,28.0,32.0,32.0,32.0,33.0,35.0,35.0,38.0,39.0,39.0,39.0,39.0,39.0,40.0,40.0,40.0,40.0,40.0,40.0,40.0,40.0,40.0,40.0,40.0,41.0,42.0,43.0,46.0,50.0,52.0,58.0,59.0,67.0,68.0,74.0,76.0,78.0,80.0,90.0,0.0,0.0,0.0,0.0,0.0,0.0,0.0,0.0,0.0,1.0,1.0,1.0,1.0,1.0,1.0,1.0,1.0,1.0,1.0,1.0,2.0,2.0,2.0,2.0,2.0,2.0,2.0,2.0,2.0,2.0,2.0,2.0,2.0,2.0,2.0,2.0,2.0,2.0,2.0,2.0,2.0,2.0,2.0,2.0,2.0,2.0,2.0,2.0,2.0,2.0,2.0,2.0,3.0,3.0,3.0,3.0,3.0,3.0,3.0,3.0,3.0,3.0,3.0,3.0,3.0,3.0,0.0,0.0,0.0,0.0,0.0,0.0,0.0,0.0,0.0,0.0,0.0,0.0,0.0,0.0,0.0,0.0,0.0,0.0,0.0,0.0,0.0,0.0,0.0,0.0,0.0,0.0,0.0,131.26,131.26,162.33,176.47,191.21,207.98,233.94,290.53,321.88,372.35,421.79,487.27,539.63,586.3,631.23,674.25,714.8,744.69,786.26,841.83,894.48,943.92,997.01,1047.91,1083.64,1151.17,1238.39,1313.35,1388.75,1488.8,1573.83,1643.26,1782.83,1923.72,2079.19,2268.94,2411.43,2540.21,2657.91,,,,,,,,,,,,,,,,,,,,,,,,,,,,,,,,,,,,,,,,,,,,,,,,,,,,,,,,20.98,18.9,14.41,16.63,15.67,23.36,21.47,25.39,22.62,27.01,18.83
JK,Jammu and Kashmir,2.0,2.0,3.0,3.0,4.0,4.0,4.0,4.0,4.0,4.0,6.0,11.0,14.0,20.0,33.0,38.0,49.0,55.0,62.0,70.0,75.0,92.0,106.0,109.0,125.0,158.0,184.0,207.0,224.0,245.0,270.0,278.0,300.0,314.0,328.0,341.0,354.0,368.0,380.0,407.0,434.0,454.0,494.0,523.0,546.0,565.0,581.0,614.0,639.0,666.0,701.0,726.0,741.0,775.0,793.0,823.0,836.0,861.0,879.0,934.0,971.0,983.0,1013.0,1121.0,1183.0,1289.0,0.0,0.0,0.0,0.0,0.0,0.0,0.0,0.0,0.0,0.0,0.0,0.0,1.0,1.0,1.0,1.0,1.0,2.0,2.0,2.0,2.0,2.0,2.0,2.0,3.0,3.0,4.0,4.0,4.0,4.0,4.0,4.0,4.0,4.0,5.0,5.0,5.0,5.0,5.0,5.0,5.0,5.0,6.0,6.0,7.0,8.0,8.0,8.0,8.0,8.0,8.0,8.0,8.0,8.0,9.0,9.0,9.0,9.0,10.0,10.0,11.0,11.0,11.0,12.0,13.0,15.0,0.0,0.0,0.0,0.0,0.0,0.0,0.0,0.0,0.0,0.0,0.0,0.0,0.0,0.0,0.0,0.0,0.0,0.0,0.0,0.0,0.0,0.0,126.53,126.53,126.53,126.53,126.53,241.55,261.54,293.68,331.62,376.81,421.84,463.37,525.2,565.91,644.06,702.56,752.16,818.97,895.49,959.69,1047.06,1138.76,1222.7,1355.76,1505.13,1610.85,1769.85,1909.43,2124.15,2300.44,2554.39,2796.28,3076.01,3461.14,3650.89,3840.73,4187.76,4382.9,4659.04,5181.47,5735.48,6215.57,6602.5,7227.96,,,,,,,,,,,,,,,,,,3.39,4.16,5.03,6.05,6.19,5.97,9.78,9.65,8.23,8.46,8.66,5.45,5.98,6.82,10.65,11.3,12.58,14.21,16.35,15.31,17.06,18.34,17.19,15.78,15.15,13.22,11.33,12.53,14.42,16.31,17.18,18.22,18.35,17.0,16.0,20.26,19.88,22.57,23.6,28.49,26.41,30.02,26.27,26.1,28.54,28.45,23.12,23.41,21.46
JH,Jharkhand,0.0,0.0,0.0,0.0,0.0,0.0,0.0,0.0,0.0,0.0,0.0,0.0,0.0,0.0,0.0,0.0,0.0,1.0,1.0,2.0,2.0,2.0,3.0,4.0,4.0,4.0,13.0,14.0,17.0,19.0,24.0,27.0,28.0,29.0,32.0,33.0,41.0,46.0,46.0,46.0,53.0,59.0,67.0,82.0,103.0,105.0,107.0,110.0,113.0,115.0,115.0,115.0,125.0,127.0,132.0,154.0,156.0,157.0,161.0,172.0,177.0,203.0,211.0,217.0,223.0,228.0,0.0,0.0,0.0,0.0,0.0,0.0,0.0,0.0,0.0,0.0,0.0,0.0,0.0,0.0,0.0,0.0,0.0,0.0,0.0,0.0,0.0,0.0,0.0,0.0,0.0,0.0,1.0,1.0,1.0,2.0,2.0,2.0,2.0,2.0,2.0,2.0,2.0,2.0,2.0,2.0,3.0,3.0,3.0,3.0,3.0,3.0,3.0,3.0,3.0,3.0,3.0,3.0,3.0,3.0,3.0,3.0,3.0,3.0,3.0,3.0,3.0,3.0,3.0,3.0,3.0,3.0,0.0,0.0,0.0,0.0,0.0,0.0,0.0,0.0,0.0,0.0,0.0,0.0,0.0,0.0,0.0,0.0,0.0,0.0,0.0,0.0,0.0,0.0,0.0,0.0,0.0,0.0,0.0,40.65,46.9,51.05,60.12,70.8,70.8,70.8,95.34,104.08,110.6,128.46,128.46,157.01,163.2,186.92,211.43,236.79,265.64,285.38,311.47,333.28,357.06,375.93,396.01,419.58,456.95,482.55,518.74,522.32,565.18,631.92,643.11,692.07,781.68,842.95,886.85,941.11,1007.7,1072.58,,,,,,,,,,,,,,,,,,,,,,,,,,,,,,,,,,,,,,,,,,,,,4.66,10.89,16.94,20.86,25.33,32.62,,,,,,,25.63,45.66,42.44,40.95,44.88,35.15,17.04,16.48,19.46,20.88
KA,Karnataka,6.0,6.0,7.0,9.0,14.0,15.0,15.0,20.0,26.0,33.0,41.0,51.0,55.0,64.0,81.0,83.0,88.0,101.0,110.0,124.0,128.0,144.0,151.0,163.0,175.0,181.0,197.0,207.0,215.0,232.0,247.0,260.0,279.0,315.0,359.0,384.0,390.0,408.0,418.0,427.0,445.0,474.0,500.0,503.0,512.0,523.0,535.0,565.0,589.0,601.0,614.0,651.0,673.0,693.0,705.0,753.0,794.0,848.0,862.0,925.0,959.0,987.0,1056.0,1092.0,1147.0,1246.0,1.0,1.0,1.0,1.0,1.0,1.0,1.0,1.0,1.0,1.0,1.0,1.0,2.0,3.0,3.0,3.0,3.0,3.0,3.0,3.0,4.0,4.0,4.0,4.0,4.0,5.0,6.0,6.0,6.0,6.0,8.0,10.0,12.0,13.0,13.0,14.0,16.0,16.0,17.0,17.0,17.0,18.0,18.0,19.0,20.0,20.0,21.0,22.0,22.0,25.0,25.0,27.0,29.0,29.0,30.0,30.0,30.0,31.0,31.0,31.0,33.0,35.0,36.0,36.0,37.0,37.0,0.0,0.0,0.0,0.0,0.0,0.0,0.0,0.0,0.0,0.0,0.0,0.0,0.0,0.0,0.0,0.0,0.0,0.0,0.0,0.0,75.14,75.14,75.14,75.14,107.79,114.12,124.71,130.64,140.22,151.54,164.09,181.94,204.48,224.81,288.2,314.28,350.01,384.29,429.72,483.43,526.18,589.02,640.21,703.78,748.36,827.43,907.56,985.4,1063.08,1142.23,1226.89,1297.24,1372.81,1454.24,1532.18,1606.64,1688.83,1757.84,1828.01,1908.9,1984.99,2102.85,2190.5,2293.7,2381.73,2484.36,,,,,,,,,,,,2.87,4.22,4.61,4.61,9.66,11.39,10.56,11.27,11.84,10.52,9.33,11.25,11.43,12.23,11.97,12.43,12.31,14.16,14.03,12.13,13.19,12.36,9.84,9.08,8.93,15.17,16.28,20.86,26.31,27.6,20.86,20.38,37.83,39.14,42.3,46.22,46.16,26.32,25.38,25.34,21.59,23.22,24.63,25.83,21.45,21.7,19.64,23.37,17.26,18.99,21.2,21.14,16.81,17.67,15.5
KL,Kerala,19.0,24.0,27.0,27.0,27.0,28.0,40.0,52.0,67.0,95.0,109.0,118.0,137.0,176.0,182.0,202.0,234.0,241.0,265.0,286.0,295.0,306.0,314.0,327.0,336.0,345.0,357.0,364.0,374.0,376.0,379.0,387.0,388.0,395.0,396.0,400.0,402.0,408.0,427.0,438.0,448.0,451.0,458.0,469.0,482.0,486.0,496.0,498.0,498.0,500.0,500.0,500.0,503.0,503.0,503.0,504.0,506.0,513.0,520.0,525.0,535.0,561.0,577.0,588.0,602.0,631.0,0.0,0.0,0.0,0.0,0.0,0.0,0.0,0.0,0.0,0.0,0.0,0.0,0.0,0.0,1.0,1.0,1.0,2.0,2.0,2.0,2.0,2.0,2.0,2.0,2.0,2.0,2.0,2.0,3.0,3.0,3.0,3.0,3.0,3.0,3.0,3.0,3.0,3.0,3.0,3.0,3.0,4.0,4.0,4.0,4.0,4.0,4.0,4.0,4.0,4.0,4.0,4.0,4.0,4.0,4.0,4.0,4.0,4.0,4.0,4.0,4.0,4.0,4.0,4.0,4.0,4.0,0.0,0.0,0.0,0.0,0.0,0.0,0.0,0.0,0.0,0.0,0.0,0.0,0.0,0.0,0.0,0.0,0.0,0.0,238.56,253.27,273.72,291.84,306.13,320.96,336.41,358.99,380.68,399.52,424.2,448.94,469.72,486.26,493.45,521.15,539.99,562.3,579.59,591.72,606.57,623.61,638.98,657.13,669.71,687.5,696.99,718.23,747.34,777.92,813.17,933.97,964.94,988.69,1012.35,1036.28,1053.41,1074.83,1097.65,1122.09,1133.89,1154.53,1179.48,1218.77,1263.97,1307.94,1348.61,1374.91,,,,,,,,,,5.67,2.87,4.23,4.63,4.63,8.37,8.69,7.89,11.66,12.57,10.25,13.4,16.24,16.91,18.87,22.16,22.93,23.19,24.96,26.66,47.55,59.75,62.33,108.91,111.55,140.38,136.73,157.89,113.53,108.82,59.44,51.79,44.77,44.41,47.2,46.82,57.46,43.49,68.94,,,,,,,,,,,,139.61,77.16,45.07,39.91,37.03,28.43,24.03
LA,Ladakh,0.0,0.0,0.0,0.0,8.0,8.0,10.0,13.0,13.0,13.0,13.0,13.0,13.0,13.0,13.0,13.0,13.0,13.0,13.0,13.0,14.0,14.0,14.0,14.0,14.0,14.0,14.0,15.0,15.0,15.0,17.0,17.0,18.0,18.0,18.0,18.0,18.0,18.0,18.0,18.0,18.0,18.0,20.0,20.0,20.0,22.0,22.0,22.0,22.0,23.0,42.0,42.0,42.0,42.0,42.0,42.0,42.0,42.0,42.0,42.0,43.0,43.0,43.0,43.0,43.0,43.0,0.0,0.0,0.0,0.0,0.0,0.0,0.0,0.0,0.0,0.0,0.0,0.0,0.0,0.0,0.0,0.0,0.0,0.0,0.0,0.0,0.0,0.0,0.0,0.0,0.0,0.0,0.0,0.0,0.0,0.0,0.0,0.0,0.0,0.0,0.0,0.0,0.0,0.0,0.0,0.0,0.0,0.0,0.0,0.0,0.0,0.0,0.0,0.0,0.0,0.0,0.0,0.0,0.0,0.0,0.0,0.0,0.0,0.0,0.0,0.0,0.0,0.0,0.0,0.0,0.0,0.0,0.0,0.0,0.0,0.0,0.0,0.0,0.0,0.0,0.0,0.0,0.0,0.0,0.0,0.0,0.0,0.0,0.0,0.0,0.0,0.0,0.0,0.0,0.0,0.0,0.0,0.0,0.0,0.0,0.0,0.0,2127.43,2616.25,2822.8,3156.71,3156.71,3156.71,3411.45,3411.45,3914.05,3914.05,3914.05,3914.05,3914.05,3914.05,3914.05,3914.05,6709.31,7728.27,8365.12,8378.89,8378.89,9084.59,9084.59,9084.59,9084.59,9084.59,12058.85,12058.85,12058.85,12058.85,12678.49,12678.49,12678.49,14000.39,14000.39,14523.64,,,,,,,,,,,,,,,,,,,,,,,,,,,,,,,,,,,,,,,,,,,,,,,,,,,,,,,,,,,,,,,,,,
LD,Lakshadweep,0.0,0.0,0.0,0.0,0.0,0.0,0.0,0.0,0.0,0.0,0.0,0.0,0.0,0.0,0.0,0.0,0.0,0.0,0.0,0.0,0.0,0.0,0.0,0.0,0.0,0.0,0.0,0.0,0.0,0.0,0.0,0.0,0.0,0.0,0.0,0.0,0.0,0.0,0.0,0.0,0.0,0.0,0.0,0.0,0.0,0.0,0.0,0.0,0.0,0.0,0.0,0.0,0.0,0.0,0.0,0.0,0.0,0.0,0.0,0.0,0.0,0.0,0.0,0.0,0.0,0.0,0.0,0.0,0.0,0.0,0.0,0.0,0.0,0.0,0.0,0.0,0.0,0.0,0.0,0.0,0.0,0.0,0.0,0.0,0.0,0.0,0.0,0.0,0.0,0.0,0.0,0.0,0.0,0.0,0.0,0.0,0.0,0.0,0.0,0.0,0.0,0.0,0.0,0.0,0.0,0.0,0.0,0.0,0.0,0.0,0.0,0.0,0.0,0.0,0.0,0.0,0.0,0.0,0.0,0.0,0.0,0.0,0.0,0.0,0.0,0.0,0.0,0.0,0.0,0.0,0.0,0.0,,,,,,,,,,,,,,,,,,,,,,,,,,,,,,,,,,,,,,,,,,,,,,,,,,,,,,,,,,,,,,,,,,,,,,,,,,,,,,,,,,,,,,,,,,,,,,,,,,,,,,,,,,,,,,,,,,,,,,,,,,,,,,,,,,,,
MP,Madhya Pradesh,0.0,0.0,,0.0,0.0,0.0,4.0,4.0,6.0,6.0,7.0,15.0,20.0,29.0,39.0,39.0,47.0,66.0,98.0,107.0,154.0,179.0,193.0,256.0,290.0,341.0,411.0,451.0,529.0,562.0,614.0,741.0,938.0,1164.0,1310.0,1402.0,1407.0,1485.0,1552.0,1587.0,1687.0,1846.0,1945.0,2090.0,2165.0,2387.0,2560.0,2625.0,2715.0,2788.0,2837.0,2942.0,3049.0,3138.0,3252.0,3341.0,3457.0,3614.0,3785.0,3986.0,4173.0,4426.0,4595.0,4790.0,4977.0,5236.0,0.0,0.0,0.0,0.0,0.0,0.0,0.0,0.0,0.0,0.0,0.0,1.0,1.0,2.0,2.0,2.0,4.0,5.0,6.0,8.0,8.0,11.0,13.0,15.0,21.0,24.0,33.0,37.0,41.0,44.0,51.0,54.0,54.0,56.0,70.0,70.0,73.0,77.0,81.0,81.0,84.0,93.0,100.0,104.0,111.0,121.0,131.0,138.0,146.0,152.0,157.0,166.0,177.0,186.0,194.0,201.0,212.0,216.0,222.0,226.0,233.0,238.0,240.0,244.0,249.0,253.0,0.0,0.0,0.0,0.0,0.0,0.0,0.0,0.0,0.0,0.0,0.0,0.0,0.0,0.0,0.0,0.0,0.0,0.0,0.0,0.0,0.0,0.0,38.73,38.73,51.93,55.87,70.73,97.1,117.3,144.37,144.37,111.64,132.18,185.85,210.78,206.31,245.67,263.67,287.96,312.19,338.14,361.35,383.84,347.56,372.04,427.84,466.09,574.56,607.68,641.59,677.51,717.58,752.02,752.02,840.52,877.51,936.8,992.72,1047.4,1114.15,1183.27,1236.4,1292.72,1373.0,1431.14,1545.06,,,,,,,,,,,,,,,,,,,,,3.46,3.64,5.07,5.21,4.75,5.22,5.04,4.69,5.07,6.25,6.96,6.96,6.05,5.83,4.71,5.18,43.39,45.37,47.87,52.91,53.14,15.73,15.82,14.61,12.32,11.47,11.92,14.79,16.97,18.27,24.8,26.64,24.99,25.7,24.36,21.53,21.78,21.02,19.2,18.0,15.88,14.18,14.76,15.09,16.03,15.74
MH,Maharashtra,14.0,32.0,38.0,41.0,44.0,48.0,52.0,64.0,74.0,97.0,107.0,122.0,125.0,156.0,186.0,203.0,220.0,302.0,335.0,423.0,487.0,635.0,747.0,868.0,1018.0,1135.0,1364.0,1574.0,1761.0,1982.0,2334.0,2680.0,2916.0,3201.0,3321.0,3648.0,4200.0,4666.0,5218.0,5649.0,6427.0,6817.0,7628.0,8068.0,8590.0,9318.0,9915.0,10498.0,11506.0,12296.0,12974.0,14541.0,15525.0,16758.0,17974.0,19063.0,20228.0,22171.0,23401.0,24427.0,25922.0,27524.0,29100.0,30706.0,33053.0,35058.0,0.0,0.0,0.0,1.0,1.0,1.0,1.0,1.0,2.0,2.0,2.0,2.0,3.0,4.0,6.0,7.0,9.0,10.0,13.0,21.0,26.0,32.0,45.0,52.0,64.0,72.0,97.0,109.0,126.0,148.0,159.0,177.0,186.0,193.0,200.0,210.0,222.0,231.0,250.0,268.0,282.0,300.0,322.0,341.0,368.0,399.0,431.0,458.0,484.0,520.0,547.0,582.0,616.0,650.0,693.0,730.0,778.0,831.0,867.0,920.0,974.0,1018.0,1067.0,1134.0,1197.0,1248.0,0.0,0.0,0.0,0.0,0.0,0.0,0.0,0.0,0.0,0.0,0.0,0.0,0.0,0.0,0.0,0.0,0.0,0.0,0.0,0.0,0.0,0.0,138.75,152.23,180.96,180.96,180.96,260.03,275.99,309.16,344.33,356.0,391.28,441.04,482.61,521.51,578.98,618.2,657.35,713.4,773.14,825.26,874.69,935.94,998.07,1045.51,1115.78,1176.17,1249.55,1309.58,1384.72,1459.44,1519.67,1575.34,1640.13,1737.7,1821.75,1954.8,1897.51,1926.72,2002.8,2084.46,2174.74,2269.37,2375.33,2448.12,,,,,,,7.92,7.78,6.91,5.46,5.28,4.6,9.64,9.31,9.59,9.76,10.43,5.16,5.87,5.68,5.08,3.88,4.29,3.88,4.15,4.44,4.68,4.79,5.1,5.4,4.98,5.23,5.9,6.15,8.75,9.38,9.36,9.03,8.78,6.76,6.36,7.73,7.65,8.88,9.34,9.97,9.85,11.05,10.09,9.96,10.84,9.82,9.52,9.82,9.71,9.48,10.6,10.0,10.75,12.0,11.98,11.96,12.93,12.95,11.6,11.62
MN,Manipur,0.0,0.0,0.0,0.0,0.0,0.0,0.0,0.0,0.0,0.0,1.0,1.0,1.0,1.0,1.0,1.0,1.0,1.0,1.0,2.0,2.0,2.0,2.0,2.0,2.0,2.0,2.0,2.0,2.0,2.0,2.0,2.0,2.0,2.0,2.0,2.0,2.0,2.0,2.0,2.0,2.0,2.0,2.0,2.0,2.0,2.0,2.0,2.0,2.0,2.0,2.0,2.0,2.0,2.0,2.0,2.0,2.0,2.0,2.0,2.0,2.0,3.0,3.0,7.0,7.0,7.0,0.0,0.0,0.0,0.0,0.0,0.0,0.0,0.0,0.0,0.0,0.0,0.0,0.0,0.0,0.0,0.0,0.0,0.0,0.0,0.0,0.0,0.0,0.0,0.0,0.0,0.0,0.0,0.0,0.0,0.0,0.0,0.0,0.0,0.0,0.0,0.0,0.0,0.0,0.0,0.0,0.0,0.0,0.0,0.0,0.0,0.0,0.0,0.0,0.0,0.0,0.0,0.0,0.0,0.0,0.0,0.0,0.0,0.0,0.0,0.0,0.0,0.0,0.0,0.0,0.0,0.0,0.0,0.0,0.0,0.0,0.0,0.0,0.0,0.0,0.0,0.0,0.0,0.0,0.0,0.0,0.0,0.0,0.0,0.0,0.0,0.0,0.0,0.0,0.0,0.0,0.0,0.0,0.0,0.0,0.0,0.0,0.0,92.19,92.19,92.19,103.88,103.88,103.88,103.88,103.88,103.88,103.88,134.28,138.96,138.96,138.96,138.96,138.96,153.32,153.99,156.33,156.33,190.73,190.73,190.73,228.48,252.53,288.94,366.1,446.6,446.6,569.86,569.86,569.86,569.86,569.86,569.86,,,,,,,,,,,,,,,,,,,,,,,,,,,,,,,,,,,,,,,,,,,,,,,,,,,,,,,,,,,,,,,,,,
ML,Meghalaya,0.0,0.0,0.0,0.0,0.0,0.0,0.0,0.0,0.0,0.0,0.0,0.0,0.0,0.0,0.0,0.0,0.0,0.0,0.0,0.0,0.0,0.0,0.0,0.0,0.0,0.0,0.0,0.0,0.0,0.0,1.0,1.0,7.0,9.0,9.0,11.0,11.0,11.0,12.0,12.0,12.0,12.0,12.0,12.0,12.0,12.0,12.0,12.0,12.0,12.0,12.0,12.0,12.0,12.0,12.0,12.0,13.0,13.0,13.0,13.0,13.0,13.0,13.0,13.0,13.0,13.0,0.0,0.0,0.0,0.0,0.0,0.0,0.0,0.0,0.0,0.0,0.0,0.0,0.0,0.0,0.0,0.0,0.0,0.0,0.0,0.0,0.0,0.0,0.0,0.0,0.0,0.0,0.0,0.0,0.0,0.0,0.0,0.0,1.0,1.0,1.0,1.0,1.0,1.0,1.0,1.0,1.0,1.0,1.0,1.0,1.0,1.0,1.0,1.0,1.0,1.0,1.0,1.0,1.0,1.0,1.0,1.0,1.0,1.0,1.0,1.0,1.0,1.0,1.0,1.0,1.0,1.0,0.0,0.0,0.0,0.0,0.0,0.0,0.0,0.0,0.0,0.0,0.0,0.0,0.0,0.0,0.0,0.0,0.0,0.0,0.0,0.0,0.0,0.0,0.0,0.0,0.0,0.0,0.0,0.0,0.0,0.0,0.0,0.0,0.0,0.0,183.36,219.32,227.64,249.04,277.27,310.85,329.58,335.82,347.41,347.41,372.67,410.71,415.17,474.01,474.01,507.29,507.29,559.9,577.73,577.73,610.42,610.42,679.66,679.66,737.02,737.02,737.02,737.02,805.96,805.96,805.96,860.65,,,,,,,,,,,,,,,,,,,,,,,,,,,,,,,,,,,,,,,,,,,,,,,,,,,,,,,,,,,,,,,,,,
MZ,Mizoram,0.0,0.0,0.0,0.0,0.0,0.0,0.0,0.0,0.0,0.0,0.0,1.0,1.0,1.0,1.0,1.0,1.0,1.0,1.0,1.0,1.0,1.0,1.0,1.0,1.0,1.0,1.0,1.0,1.0,1.0,1.0,1.0,1.0,1.0,1.0,1.0,1.0,1.0,1.0,1.0,1.0,1.0,1.0,1.0,1.0,1.0,1.0,1.0,1.0,1.0,1.0,1.0,1.0,1.0,1.0,1.0,1.0,1.0,1.0,1.0,1.0,1.0,1.0,1.0,1.0,1.0,0.0,0.0,0.0,0.0,0.0,0.0,0.0,0.0,0.0,0.0,0.0,0.0,0.0,0.0,0.0,0.0,0.0,0.0,0.0,0.0,0.0,0.0,0.0,0.0,0.0,0.0,0.0,0.0,0.0,0.0,0.0,0.0,0.0,0.0,0.0,0.0,0.0,0.0,0.0,0.0,0.0,0.0,0.0,0.0,0.0,0.0,0.0,0.0,0.0,0.0,0.0,0.0,0.0,0.0,0.0,0.0,0.0,0.0,0.0,0.0,0.0,0.0,0.0,0.0,0.0,0.0,0.0,0.0,0.0,0.0,0.0,0.0,0.0,0.0,0.0,0.0,0.0,0.0,0.0,0.0,0.0,0.0,0.0,0.0,0.0,0.0,0.0,0.0,0.0,53.16,53.16,67.83,76.99,76.99,76.99,79.74,81.58,83.41,86.16,86.16,86.16,93.49,106.32,120.99,123.74,123.74,125.57,125.57,125.57,133.82,133.82,144.82,164.07,164.98,164.98,167.73,167.73,167.73,172.32,178.73,180.57,182.4,184.23,184.23,188.82,205.31,205.31,250.23,250.23,258.48,258.48,258.48,,,,,,,,,,,,,,,,,,,,,,,,,,,,,,,,,,,,,,,,,,,,,,,,,,,,,,,,,,,,,,,,,,
NL,Nagaland,0.0,0.0,0.0,0.0,0.0,0.0,0.0,0.0,0.0,0.0,0.0,0.0,0.0,0.0,0.0,0.0,0.0,0.0,0.0,0.0,0.0,0.0,0.0,0.0,0.0,0.0,0.0,0.0,0.0,0.0,0.0,0.0,0.0,0.0,0.0,0.0,0.0,0.0,0.0,0.0,0.0,0.0,0.0,0.0,0.0,0.0,0.0,0.0,0.0,0.0,0.0,0.0,0.0,0.0,0.0,0.0,0.0,0.0,0.0,0.0,0.0,0.0,0.0,0.0,0.0,0.0,0.0,0.0,0.0,0.0,0.0,0.0,0.0,0.0,0.0,0.0,0.0,0.0,0.0,0.0,0.0,0.0,0.0,0.0,0.0,0.0,0.0,0.0,0.0,0.0,0.0,0.0,0.0,0.0,0.0,0.0,0.0,0.0,0.0,0.0,0.0,0.0,0.0,0.0,0.0,0.0,0.0,0.0,0.0,0.0,0.0,0.0,0.0,0.0,0.0,0.0,0.0,0.0,0.0,0.0,0.0,0.0,0.0,0.0,0.0,0.0,0.0,0.0,0.0,0.0,0.0,0.0,0.0,0.0,0.0,0.0,0.0,0.0,0.0,0.0,0.0,0.0,0.0,0.0,0.0,0.0,0.0,0.0,0.0,0.0,0.0,0.0,0.0,0.0,0.0,25.69,25.69,25.69,25.69,29.98,29.98,31.69,31.69,74.51,78.79,78.79,117.34,167.87,173.01,185.85,229.96,232.53,259.94,259.94,262.51,262.51,269.36,273.64,275.78,279.64,284.35,288.63,292.91,303.19,310.04,326.74,336.59,344.73,363.14,369.14,374.7,377.7,380.7,381.56,389.69,392.69,407.68,411.53,,,,,,,,,,,,,,,,,,,,,,,,,,,,,,,,,,,,,,,,,,,,,,,,,,,,,,,,,,,,,,,,,,
OR,Odisha,0.0,0.0,1.0,1.0,2.0,2.0,2.0,2.0,2.0,2.0,2.0,2.0,3.0,3.0,3.0,3.0,3.0,4.0,5.0,5.0,20.0,21.0,39.0,40.0,42.0,42.0,48.0,50.0,54.0,54.0,55.0,60.0,60.0,60.0,60.0,61.0,61.0,74.0,79.0,83.0,89.0,94.0,100.0,103.0,118.0,118.0,125.0,143.0,154.0,160.0,162.0,169.0,177.0,205.0,219.0,270.0,352.0,377.0,415.0,437.0,538.0,672.0,737.0,737.0,828.0,876.0,0.0,0.0,0.0,0.0,0.0,0.0,0.0,0.0,0.0,0.0,0.0,0.0,0.0,0.0,0.0,0.0,0.0,0.0,0.0,0.0,0.0,0.0,0.0,0.0,1.0,1.0,1.0,1.0,1.0,1.0,1.0,1.0,1.0,1.0,1.0,1.0,1.0,1.0,1.0,1.0,1.0,1.0,1.0,1.0,1.0,1.0,1.0,1.0,1.0,1.0,1.0,1.0,2.0,2.0,2.0,2.0,3.0,3.0,3.0,3.0,3.0,3.0,3.0,3.0,4.0,4.0,0.0,0.0,0.0,0.0,0.0,0.0,0.0,0.0,0.0,0.0,0.0,0.0,0.0,0.0,0.0,0.0,0.0,0.0,0.0,0.0,33.26,33.26,33.26,33.26,58.19,58.19,77.45,84.56,84.65,92.07,99.41,112.86,132.0,160.53,180.63,205.47,231.0,253.68,280.07,328.39,381.05,440.03,491.07,543.92,598.44,636.2,693.92,755.61,813.71,872.36,921.58,980.47,1064.74,1131.28,1204.22,1262.87,1342.68,1425.12,1513.28,1622.44,1734.46,1839.21,1952.9,2053.53,2174.7,2283.0,,,,,,,,,,,,,,,,,,,,,,,,,,,,,,,,,,,,,,,,,,10.17,11.69,14.26,12.47,,,,,,20.09,20.96,22.93,22.0,20.48,9.98,7.22,6.25,6.75,7.33,7.34,7.44,6.92,,,
PY,Puducherry,0.0,0.0,1.0,1.0,1.0,1.0,1.0,1.0,1.0,1.0,1.0,1.0,1.0,1.0,1.0,1.0,1.0,1.0,3.0,5.0,5.0,5.0,5.0,5.0,5.0,5.0,5.0,7.0,7.0,7.0,7.0,7.0,7.0,7.0,7.0,7.0,7.0,7.0,7.0,7.0,7.0,7.0,8.0,8.0,8.0,8.0,8.0,8.0,8.0,9.0,9.0,9.0,9.0,9.0,9.0,10.0,10.0,12.0,12.0,12.0,13.0,16.0,16.0,17.0,17.0,17.0,0.0,0.0,0.0,0.0,0.0,0.0,0.0,0.0,0.0,0.0,0.0,0.0,0.0,0.0,0.0,0.0,0.0,0.0,0.0,0.0,0.0,0.0,0.0,0.0,0.0,0.0,0.0,0.0,0.0,0.0,0.0,0.0,0.0,0.0,0.0,0.0,0.0,0.0,0.0,0.0,0.0,0.0,0.0,0.0,0.0,0.0,0.0,0.0,0.0,0.0,0.0,0.0,0.0,0.0,0.0,0.0,0.0,0.0,0.0,0.0,0.0,0.0,0.0,0.0,0.0,0.0,0.0,0.0,0.0,0.0,0.0,0.0,0.0,0.0,0.0,0.0,0.0,0.0,0.0,0.0,0.0,0.0,0.0,0.0,0.0,0.0,0.0,0.0,0.0,0.0,0.0,0.0,0.0,0.0,0.0,0.0,0.0,0.0,0.0,0.0,0.0,967.18,997.63,1019.27,1056.93,1180.33,1240.43,1365.44,1493.65,1584.19,1613.84,1727.63,1785.32,1885.49,2161.94,2395.92,2528.14,2629.11,2852.67,2917.58,3097.87,3294.19,3418.4,3496.93,3594.69,3594.69,3941.65,4096.31,4256.57,4394.4,4502.57,4610.75,,,,,,,,,,,,,,,,,,,,,,,,,,,,,,,,,,,,,,,,,,,,,,,,,,,,,,,,,,,,,,,,,,
PB,Punjab,1.0,1.0,1.0,1.0,2.0,2.0,3.0,13.0,21.0,23.0,29.0,31.0,33.0,38.0,38.0,38.0,41.0,42.0,46.0,47.0,53.0,65.0,68.0,79.0,99.0,106.0,130.0,151.0,158.0,170.0,176.0,184.0,186.0,197.0,211.0,234.0,244.0,245.0,251.0,278.0,283.0,298.0,308.0,322.0,330.0,342.0,375.0,480.0,585.0,772.0,1102.0,1232.0,1451.0,1526.0,1644.0,1731.0,1762.0,1823.0,1877.0,1914.0,1924.0,1935.0,1932.0,1946.0,1964.0,1980.0,0.0,0.0,0.0,0.0,0.0,1.0,1.0,1.0,1.0,1.0,1.0,1.0,1.0,1.0,1.0,1.0,3.0,4.0,4.0,5.0,5.0,5.0,7.0,7.0,8.0,9.0,10.0,11.0,12.0,12.0,12.0,13.0,13.0,14.0,14.0,16.0,16.0,16.0,16.0,16.0,17.0,17.0,17.0,18.0,19.0,19.0,19.0,20.0,20.0,20.0,21.0,23.0,25.0,27.0,28.0,29.0,31.0,31.0,31.0,32.0,32.0,32.0,32.0,32.0,35.0,37.0,0.0,0.0,0.0,0.0,0.0,0.0,0.0,0.0,0.0,0.0,0.0,0.0,0.0,0.0,0.0,0.0,0.0,0.0,0.0,47.0,47.0,47.0,47.0,47.0,47.0,96.26,104.62,113.43,128.12,140.31,146.83,158.76,170.2,181.05,196.26,202.12,216.55,222.77,241.06,258.5,287.01,347.78,434.93,469.24,508.54,557.87,611.91,695.0,759.6,815.05,866.54,935.57,989.78,1050.77,1137.33,1243.82,1293.37,1342.54,1386.59,1442.08,1508.51,1553.81,1615.85,1658.85,1698.15,1735.61,,,,,,,,,,,,,,,,,,,,,16.7,15.56,12.88,12.28,6.44,7.32,7.32,5.17,7.31,8.59,10.55,12.99,24.89,24.25,24.37,21.71,21.91,42.98,46.3,45.63,52.07,51.44,21.75,19.14,23.43,19.53,18.35,14.72,12.3,7.15,3.66,3.39,3.68,5.73,7.09,9.39,15.96,19.18,21.18,26.42,50.34,66.84,-26.58,-12.13,-4.17,-13.69
RJ,Rajasthan,3.0,4.0,4.0,4.0,7.0,9.0,17.0,24.0,28.0,32.0,32.0,38.0,40.0,50.0,54.0,59.0,79.0,93.0,120.0,133.0,179.0,206.0,266.0,301.0,343.0,383.0,463.0,561.0,700.0,804.0,897.0,1005.0,1076.0,1131.0,1229.0,1351.0,1478.0,1576.0,1735.0,1888.0,1964.0,2034.0,2083.0,2185.0,2262.0,2364.0,2440.0,2584.0,2666.0,2772.0,2886.0,3061.0,3158.0,3317.0,3427.0,3579.0,3708.0,3814.0,3988.0,4126.0,4328.0,4534.0,4747.0,4960.0,5202.0,5507.0,0.0,0.0,0.0,0.0,0.0,0.0,0.0,0.0,0.0,0.0,0.0,0.0,0.0,0.0,0.0,0.0,0.0,0.0,0.0,0.0,0.0,1.0,1.0,2.0,2.0,3.0,3.0,3.0,9.0,11.0,11.0,11.0,11.0,11.0,17.0,21.0,23.0,25.0,26.0,27.0,28.0,32.0,34.0,41.0,50.0,52.0,55.0,58.0,62.0,68.0,71.0,77.0,89.0,93.0,99.0,103.0,106.0,108.0,113.0,117.0,121.0,125.0,125.0,126.0,131.0,138.0,0.0,0.0,0.0,0.0,0.0,0.0,0.0,0.0,0.0,0.0,0.0,0.0,0.0,0.0,0.0,0.0,0.0,0.0,0.0,0.0,0.0,0.0,178.94,178.94,257.03,257.03,278.44,325.69,362.24,415.4,463.47,509.0,551.73,594.25,624.4,687.79,752.16,834.88,896.11,965.55,1016.66,1085.44,1151.15,1208.7,1279.16,1348.07,1425.07,1511.26,1581.77,1660.34,1752.23,1883.65,1967.14,2034.07,2120.49,2218.64,2319.36,2425.26,2566.71,2704.86,2837.08,2976.39,3094.05,3226.99,3380.1,3548.13,,,,,,,,,,,,,,,,7.5,7.17,5.31,5.24,4.78,3.68,4.19,3.89,4.47,4.18,4.97,4.71,4.89,4.4,4.34,4.35,4.84,6.14,8.3,8.97,9.16,9.49,9.62,8.28,8.25,10.3,12.71,16.38,17.83,20.2,19.83,20.25,16.84,18.38,17.93,18.23,16.21,18.23,16.62,17.31,17.06,18.62,19.1,19.38,19.21,18.92,17.98,16.08,16.13,14.97,14.5
SK,Sikkim,0.0,0.0,0.0,0.0,0.0,0.0,0.0,0.0,0.0,0.0,0.0,0.0,0.0,0.0,0.0,0.0,0.0,0.0,0.0,0.0,0.0,0.0,0.0,0.0,0.0,0.0,0.0,0.0,0.0,0.0,0.0,0.0,0.0,0.0,0.0,0.0,0.0,0.0,0.0,0.0,0.0,0.0,0.0,0.0,0.0,0.0,0.0,0.0,0.0,0.0,0.0,0.0,0.0,0.0,0.0,0.0,0.0,0.0,0.0,0.0,0.0,0.0,0.0,0.0,0.0,0.0,0.0,0.0,0.0,0.0,0.0,0.0,0.0,0.0,0.0,0.0,0.0,0.0,0.0,0.0,0.0,0.0,0.0,0.0,0.0,0.0,0.0,0.0,0.0,0.0,0.0,0.0,0.0,0.0,0.0,0.0,0.0,0.0,0.0,0.0,0.0,0.0,0.0,0.0,0.0,0.0,0.0,0.0,0.0,0.0,0.0,0.0,0.0,0.0,0.0,0.0,0.0,0.0,0.0,0.0,0.0,0.0,0.0,0.0,0.0,0.0,0.0,0.0,0.0,0.0,0.0,0.0,0.0,0.0,0.0,0.0,0.0,0.0,0.0,0.0,0.0,0.0,0.0,0.0,0.0,0.0,0.0,0.0,0.0,0.0,0.0,0.0,0.0,0.0,0.0,0.0,0.0,0.0,0.0,0.0,0.0,0.0,0.0,0.0,0.0,0.0,0.0,0.0,0.0,0.0,0.0,0.0,0.0,0.0,0.0,0.0,0.0,0.0,0.0,0.0,0.0,0.0,0.0,279.75,297.85,311.01,355.45,355.45,360.38,360.38,360.38,572.66,722.41,952.79,572.66,1382.29,1558.37,1788.75,,,,,,,,,,,,,,,,,,,,,,,,,,,,,,,,,,,,,,,,,,,,,,,,,,,,,,,,,,,,,,,,,,
TN,Tamil Nadu,1.0,1.0,1.0,1.0,2.0,3.0,3.0,6.0,9.0,12.0,18.0,26.0,29.0,38.0,42.0,50.0,67.0,124.0,234.0,309.0,411.0,485.0,571.0,621.0,690.0,738.0,834.0,911.0,969.0,1075.0,1173.0,1204.0,1242.0,1267.0,1323.0,1372.0,1477.0,1520.0,1596.0,1629.0,1683.0,1755.0,1821.0,1885.0,1937.0,2058.0,2162.0,2323.0,2526.0,2757.0,3023.0,3550.0,4058.0,4829.0,5409.0,6009.0,6535.0,7204.0,8002.0,8718.0,9227.0,9674.0,10108.0,10585.0,11224.0,11760.0,0.0,0.0,0.0,0.0,0.0,0.0,0.0,0.0,0.0,0.0,1.0,1.0,1.0,1.0,1.0,1.0,1.0,1.0,1.0,1.0,1.0,3.0,5.0,6.0,7.0,8.0,8.0,9.0,10.0,11.0,11.0,12.0,14.0,15.0,15.0,15.0,15.0,17.0,18.0,18.0,20.0,22.0,23.0,24.0,24.0,25.0,27.0,27.0,28.0,29.0,30.0,31.0,33.0,35.0,37.0,40.0,44.0,47.0,53.0,61.0,64.0,66.0,71.0,75.0,79.0,82.0,0.0,0.0,0.0,0.0,0.0,0.0,0.0,0.0,0.0,0.0,0.0,0.0,0.0,0.0,0.0,0.0,0.0,0.0,0.0,0.0,48.76,48.76,48.76,48.76,48.76,70.22,96.19,111.32,130.28,141.04,168.71,254.87,291.13,344.22,392.77,463.76,541.06,621.92,702.14,781.27,873.31,958.37,1060.39,1159.6,1254.58,1348.47,1455.51,1585.06,1712.33,1846.38,1986.91,2157.18,2314.14,2491.68,2679.57,2864.62,3040.06,3216.99,3374.01,3530.04,3699.21,3857.58,4012.08,4151.53,4324.68,4471.88,,,,,,,,,,,,,,,,4.34,4.44,3.39,3.1,2.21,1.9,2.27,2.89,4.32,5.14,6.72,7.01,7.73,8.33,8.35,7.87,12.05,14.95,19.66,21.53,23.75,20.31,20.68,16.57,20.14,20.58,22.01,20.93,22.1,20.42,18.46,17.96,16.14,13.78,10.27,9.49,7.54,6.64,5.79,5.42,5.24,6.03,6.41,6.93,7.33,8.45,9.73,11.47,13.16,13.9,14.43
TG,Telangana,1.0,3.0,4.0,5.0,13.0,16.0,19.0,21.0,27.0,33.0,37.0,41.0,44.0,59.0,67.0,70.0,77.0,97.0,127.0,154.0,229.0,272.0,334.0,364.0,404.0,453.0,471.0,487.0,503.0,531.0,592.0,644.0,650.0,700.0,766.0,809.0,858.0,872.0,928.0,943.0,970.0,983.0,990.0,1001.0,1003.0,1009.0,1016.0,1038.0,1044.0,1061.0,1082.0,1085.0,1096.0,1107.0,1122.0,1132.0,1163.0,1196.0,1275.0,1326.0,1367.0,1414.0,1454.0,1509.0,1551.0,1592.0,0.0,0.0,0.0,0.0,0.0,0.0,0.0,0.0,0.0,0.0,0.0,0.0,0.0,0.0,1.0,1.0,6.0,6.0,9.0,9.0,11.0,11.0,11.0,11.0,11.0,11.0,12.0,12.0,14.0,16.0,17.0,18.0,18.0,18.0,18.0,18.0,21.0,23.0,23.0,24.0,25.0,25.0,25.0,25.0,25.0,25.0,25.0,28.0,28.0,29.0,29.0,29.0,29.0,29.0,29.0,29.0,30.0,30.0,30.0,32.0,34.0,34.0,34.0,34.0,34.0,34.0,0.0,0.0,0.0,0.0,0.0,0.0,0.0,0.0,0.0,0.0,0.0,0.0,0.0,0.0,0.0,0.0,0.0,0.0,0.0,0.0,0.0,0.0,0.0,0.0,0.0,0.0,0.0,0.0,0.0,0.0,0.0,0.0,0.0,0.0,0.0,0.0,417.17,417.17,417.17,417.17,417.17,417.17,417.17,417.17,417.17,531.52,537.51,537.51,537.51,537.51,537.51,537.51,537.51,537.51,537.51,537.51,537.51,537.51,537.51,537.51,537.51,537.51,537.51,652.11,652.11,652.11,,,,,,,,,,,,,,5.69,6.09,8.04,8.15,6.78,6.82,6.45,3.64,2.99,3.06,4.16,4.77,5.63,8.39,11.86,14.54,15.77,15.83,13.92,24.72,22.3,21.28,22.54,23.25,16.87,17.23,24.33,26.71,34.76,45.73,56.05,116.86,135.19,144.83,131.77,143.27,82.4,66.23,96.25,103.52,93.35,95.07,103.62,58.68,49.89,38.18,31.41,20.34,19.31,19.32,20.89,22.41,23.17
TR,Tripura,0.0,0.0,0.0,0.0,0.0,0.0,0.0,0.0,0.0,0.0,0.0,0.0,0.0,0.0,0.0,0.0,0.0,0.0,0.0,0.0,0.0,0.0,0.0,1.0,1.0,1.0,1.0,2.0,2.0,2.0,2.0,2.0,2.0,2.0,2.0,2.0,2.0,2.0,2.0,2.0,2.0,2.0,2.0,2.0,2.0,2.0,2.0,2.0,2.0,4.0,16.0,29.0,42.0,64.0,88.0,118.0,135.0,151.0,151.0,153.0,154.0,155.0,155.0,166.0,164.0,164.0,0.0,0.0,0.0,0.0,0.0,0.0,0.0,0.0,0.0,0.0,0.0,0.0,0.0,0.0,0.0,0.0,0.0,0.0,0.0,0.0,0.0,0.0,0.0,0.0,0.0,0.0,0.0,0.0,0.0,0.0,0.0,0.0,0.0,0.0,0.0,0.0,0.0,0.0,0.0,0.0,0.0,0.0,0.0,0.0,0.0,0.0,0.0,0.0,0.0,0.0,0.0,0.0,0.0,0.0,0.0,0.0,0.0,0.0,0.0,0.0,0.0,0.0,0.0,0.0,0.0,0.0,0.0,0.0,0.0,0.0,0.0,0.0,0.0,0.0,0.0,0.0,0.0,0.0,0.0,0.0,0.0,0.0,0.0,0.0,0.0,0.0,0.0,0.0,0.0,0.0,0.0,0.0,0.0,0.0,91.8,91.8,91.8,91.8,201.03,207.57,207.57,207.57,207.57,207.57,709.34,875.78,875.78,875.78,875.78,875.78,875.78,875.78,875.78,875.78,1315.16,1349.76,1406.14,1469.34,1593.56,1696.53,1884.21,2028.86,2271.84,2476.42,2613.98,2817.74,3036.2,3215.44,3421.65,3589.73,3745.54,3891.55,,,,,,,,,,,,,,,,,,,,,,,,,,,,,,,,,,,,,,,,,,,,,,,,,,,,,,1.24,1.47,1.84,2.64,3.5,,,,,,,,
UP,Uttar Pradesh,12.0,13.0,13.0,15.0,17.0,20.0,24.0,28.0,30.0,32.0,35.0,38.0,42.0,49.0,65.0,72.0,96.0,104.0,117.0,128.0,174.0,234.0,278.0,305.0,332.0,361.0,410.0,433.0,452.0,483.0,558.0,660.0,735.0,805.0,849.0,975.0,1100.0,1184.0,1337.0,1449.0,1510.0,1621.0,1793.0,1873.0,1986.0,2053.0,2134.0,2211.0,2328.0,2487.0,2645.0,2766.0,2880.0,2998.0,3071.0,3214.0,3373.0,3467.0,3573.0,3664.0,3758.0,3902.0,4057.0,4258.0,4464.0,4605.0,0.0,0.0,0.0,0.0,0.0,0.0,0.0,0.0,0.0,0.0,0.0,0.0,0.0,0.0,0.0,0.0,0.0,0.0,2.0,2.0,2.0,2.0,3.0,3.0,3.0,4.0,4.0,4.0,5.0,5.0,5.0,8.0,11.0,13.0,14.0,14.0,17.0,18.0,21.0,21.0,24.0,25.0,27.0,30.0,31.0,34.0,39.0,40.0,42.0,43.0,43.0,50.0,56.0,60.0,62.0,66.0,74.0,79.0,80.0,82.0,86.0,88.0,95.0,104.0,112.0,118.0,0.0,0.0,0.0,0.0,0.0,0.0,0.0,0.0,0.0,0.0,0.0,0.0,0.0,0.0,0.0,0.0,0.0,0.0,0.0,0.0,0.0,0.0,25.53,25.53,25.53,25.53,40.81,45.33,51.47,57.59,64.54,77.3,94.75,103.87,119.7,138.36,154.31,166.74,184.26,204.95,220.93,258.25,276.15,300.19,326.16,341.52,358.08,378.95,400.54,416.43,465.55,477.49,511.17,533.78,552.15,581.38,606.17,631.26,659.45,680.86,707.43,743.87,773.71,792.28,836.55,857.25,,,,,,,,,,,,,,,6.01,5.82,4.61,4.96,5.24,6.29,5.39,5.37,4.44,4.76,4.85,6.06,6.68,8.41,10.15,10.6,9.91,9.64,8.39,6.69,7.2,7.24,7.57,8.16,7.78,6.9,9.26,10.06,9.55,11.59,12.23,13.05,14.68,17.21,16.73,16.46,14.53,14.05,13.57,14.33,18.0,18.79,18.56,20.18,21.33,21.08,23.5,24.32,22.83,21.1,18.52,17.5
UT,Uttarakhand,0.0,0.0,1.0,1.0,2.0,3.0,3.0,3.0,3.0,4.0,4.0,5.0,5.0,5.0,6.0,7.0,7.0,7.0,7.0,10.0,16.0,22.0,26.0,31.0,31.0,35.0,35.0,35.0,35.0,35.0,35.0,37.0,37.0,37.0,40.0,42.0,44.0,46.0,46.0,46.0,47.0,48.0,48.0,51.0,51.0,54.0,55.0,57.0,57.0,59.0,60.0,60.0,61.0,61.0,61.0,63.0,67.0,68.0,68.0,69.0,72.0,78.0,82.0,91.0,92.0,96.0,0.0,0.0,0.0,0.0,0.0,0.0,0.0,0.0,0.0,0.0,0.0,0.0,0.0,0.0,0.0,0.0,0.0,0.0,0.0,0.0,0.0,0.0,0.0,0.0,0.0,0.0,0.0,0.0,0.0,0.0,0.0,0.0,0.0,0.0,0.0,0.0,0.0,0.0,0.0,0.0,0.0,0.0,0.0,0.0,0.0,0.0,0.0,0.0,1.0,1.0,1.0,1.0,1.0,1.0,1.0,1.0,1.0,1.0,1.0,1.0,1.0,1.0,1.0,1.0,1.0,1.0,0.0,0.0,0.0,0.0,0.0,0.0,0.0,0.0,0.0,0.0,0.0,0.0,0.0,0.0,0.0,0.0,0.0,0.0,0.0,67.02,67.02,67.02,67.02,67.02,127.41,127.41,151.33,166.85,168.53,179.9,197.49,214.89,238.52,256.31,279.83,312.16,330.54,363.46,401.41,422.57,442.14,471.2,513.41,521.61,540.0,567.28,597.62,648.92,696.07,728.4,749.05,771.59,796.7,824.97,868.16,901.08,927.77,955.64,980.06,1035.02,1066.75,1116.37,1190.6,1245.16,1305.95,1370.99,,,,,,,,,,,,,,,,,,,,,,,,,,,,,,,,,,,,,,,,,,,,,,,,,,,,,,,,,,,,,,,,18.59,21.78,21.78
WB,West Bengal,0.0,0.0,0.0,1.0,1.0,1.0,2.0,4.0,7.0,7.0,9.0,9.0,10.0,15.0,18.0,21.0,22.0,37.0,37.0,53.0,53.0,53.0,80.0,80.0,91.0,99.0,103.0,116.0,126.0,134.0,152.0,190.0,213.0,231.0,255.0,287.0,310.0,339.0,392.0,423.0,456.0,514.0,571.0,611.0,649.0,697.0,725.0,758.0,795.0,922.0,1198.0,1259.0,1344.0,1456.0,1548.0,1678.0,1786.0,1939.0,2063.0,2173.0,2290.0,2377.0,2461.0,2576.0,2677.0,2824.0,0.0,0.0,0.0,0.0,0.0,0.0,0.0,0.0,0.0,1.0,1.0,1.0,1.0,1.0,1.0,1.0,2.0,3.0,3.0,3.0,3.0,3.0,3.0,3.0,3.0,5.0,5.0,5.0,5.0,7.0,7.0,7.0,7.0,10.0,10.0,12.0,12.0,12.0,15.0,15.0,15.0,18.0,18.0,20.0,20.0,22.0,22.0,33.0,41.0,48.0,122.0,133.0,140.0,144.0,151.0,160.0,171.0,185.0,190.0,198.0,207.0,215.0,225.0,232.0,238.0,244.0,0.0,0.0,0.0,0.0,0.0,0.0,0.0,0.0,0.0,0.0,0.0,0.0,0.0,0.0,0.0,0.0,0.0,0.0,7.09,7.09,7.09,11.22,11.22,14.0,16.01,16.01,20.33,22.55,24.61,27.16,30.06,33.16,37.35,41.02,45.34,49.84,54.3,58.87,66.54,75.74,86.0,96.15,106.35,117.25,129.63,142.33,157.37,177.87,199.84,225.78,246.65,270.34,296.77,324.43,352.54,384.99,423.75,467.3,512.52,566.41,620.34,676.37,748.55,831.91,925.21,1007.17,,,,,,,,,,,,,,,,,,,,,,,,,,,,,9.06,10.24,9.69,6.82,6.86,6.9,6.05,6.12,7.3,7.63,6.88,7.3,7.97,7.33,7.1,8.19,8.67,8.76,11.13,12.92,13.78,12.42,11.01,10.28,9.29,8.11,9.44,10.63,10.06,9.62,10.13,10.53,11.46,12.95,15.26,16.06,16.99,16.94
